Filename;Year;Departamento;estrategia_list_clean
AT N° 003-18 NAR-Cumbitara, Maguí Payán, Policarpa y Roberto Payán.pdf;2018;Nariño;reclutamiento forzado
AT N° 004-18 NAR-Tumaco.pdf;2018;Nariño;reclutamiento forzado
AT N° 005-18 COR-Tierralta.pdf;2018;Córdoba;reclutamiento forzado
AT N° 005-18 COR-Tierralta.pdf;2018;Córdoba;regalos o promesas o protección
AT N° 005-18 COR-Tierralta.pdf;2018;Córdoba;vinculación sentimental/sexual
AT N° 006-18 ARA-Saravena.pdf;2018;Arauca;reclutamiento forzado
AT N° 007-18 MET-Puerto Lleras, Puerto Rico y Vista Hermosa.pdf;2018;Meta;reclutamiento forzado
AT N° 007-18 MET-Puerto Lleras, Puerto Rico y Vista Hermosa.pdf;2018;Meta;penetración de centros educativos
AT N° 008-18 CUN-Chaguaní y Guaduas.pdf;2018;Cundinamarca;consumo de drogas
AT N° 008-18 CUN-Chaguaní y Guaduas.pdf;2018;Cundinamarca;reclutamiento forzado
AT N° 009-18 ANT-Cáceres.pdf;2018;Antioquia;violencia
AT N° 011-18 ANT-Vigía del Fuerte y CHO-Bojayá - Medio Atrato.pdf;2018;Chocó;reclutamiento forzado
AT N° 012-18 CHO-Rio Quito.pdf;2018;Chocó;persuación de incorporación voluntaria y adoctrinamiento
AT N° 020-18 ATL- Barranquilla, Galapa, Malambo, Puerto Colombia y Soledad.pdf;2018;Atlántico;consumo de drogas
AT N° 020-18 ATL- Barranquilla, Galapa, Malambo, Puerto Colombia y Soledad.pdf;2018;Atlántico;actividades lúdicas y recreativas
AT N° 020-18 ATL- Barranquilla, Galapa, Malambo, Puerto Colombia y Soledad.pdf;2018;Atlántico;penetración de centros educativos
AT N° 021-18 ANT-Yondó BOL-Cantagallo.pdf;2018;Bolívar;regalos o promesas o protección
AT N° 024-18 PUT-Puerto Leguizamo.pdf;2018;Putumayo;reclutamiento forzado
AT N° 024-18 PUT-Puerto Leguizamo.pdf;2018;Putumayo;regalos o promesas o protección
AT N° 024-18 PUT-Puerto Leguizamo.pdf;2018;Putumayo;persuación de incorporación voluntaria y adoctrinamiento
AT N° 025-18 CHO-Bagadó.pdf;2018;Chocó;apoyo a actividades/bandas criminales
AT N° 025-18 CHO-Bagadó.pdf;2018;Chocó;presión
AT N° 026-18 Líderes y Defensores DDHH_bajaresolución.pdf;2018;Countrywide;consumo de drogas
AT N° 026-18 Líderes y Defensores DDHH_bajaresolución.pdf;2018;Countrywide;violencia
AT N° 030-18 Bogotá DC.pdf;2018;Bogotá;violencia
AT N° 030-18 Bogotá DC.pdf;2018;Bogotá;apoyo a actividades/bandas criminales
AT N° 030-18 Bogotá DC.pdf;2018;Bogotá;presión
AT N° 031-18 ANT-Caucasia.pdf;2018;Cauca;violencia
AT N° 031-18 ANT-Caucasia.pdf;2018;Cauca;presión
AT N° 033-18 VAU-Pacoa.pdf;2018;Vaupés;reclutamiento forzado
AT N° 033-18 VAU-Pacoa.pdf;2018;Vaupés;presión
AT N° 033-18 VAU-Pacoa.pdf;2018;Vaupés;persuación de incorporación voluntaria y adoctrinamiento
AT N° 034-18 CAU-Suarez, Cajibio, Morales.pdf;2018;Cauca;reclutamiento forzado
AT N° 035-18 CAU-Miranda.pdf;2018;Cauca;consumo de drogas
AT N° 035-18 CAU-Miranda.pdf;2018;Cauca;apoyo a actividades/bandas criminales
AT N° 038-18 PUT-Puerto Asís.pdf;2018;Putumayo;reclutamiento forzado
AT N° 040-18 NOR-Tibú.pdf;2018;Norte de Santander;reclutamiento forzado
AT N° 040-18 NOR-Tibú.pdf;2018;Norte de Santander;violencia
AT N° 040-18 NOR-Tibú.pdf;2018;Norte de Santander;regalos o promesas o protección
AT N° 041-18 ANT-Medellín.pdf;2018;Antioquia;violencia
AT N° 041-18 ANT-Medellín.pdf;2018;Antioquia;presión
AT N° 042-18 MET-La Macarena low.pdf;2018;Meta;reclutamiento forzado
AT N° 042-18 MET-La Macarena low.pdf;2018;Meta;persuación de incorporación voluntaria y adoctrinamiento
AT N° 042-18 MET-La Macarena low.pdf;2018;Meta;presión
AT N° 042-18 MET-La Macarena.pdf;2018;Meta;violencia
AT N° 042-18 MET-La Macarena.pdf;2018;Meta;presión
AT N° 044-18 NAR-Tumaco.pdf;2018;Nariño;reclutamiento forzado
AT N° 046-18 San Andrés Islas.pdf;2018;San Andrés y Providencia;consumo de drogas
AT N° 049-18 MET-Acacias, Granada y San Martín.pdf;2018;Meta;apoyo a actividades/bandas criminales
AT N° 049-18 MET-Acacias, Granada y San Martín.pdf;2018;Meta;regalos o promesas o protección
AT N° 053-18 ANT-Apartadó, Arboletes, Carepa, Chigorodó, Mutatá, Necoclí, San Juan de Urabá, San Pedro de Urabá y Turbo.pdf;2018;Antioquia;regalos o promesas o protección
AT N° 053-18 ANT-Apartadó, Arboletes, Carepa, Chigorodó, Mutatá, Necoclí, San Juan de Urabá, San Pedro de Urabá y Turbo.pdf;2018;Antioquia;actividades lúdicas y recreativas
AT N° 054-18 PUT-San Miguel y Valle del Guzmuez.pdf;2018;Putumayo;vinculación sentimental/sexual
AT N° 054-18 PUT-San Miguel y Valle del Guzmuez.pdf;2018;Putumayo;persuación de incorporación voluntaria y adoctrinamiento
AT N° 054-18 PUT-San Miguel y Valle del Guzmuez.pdf;2018;Putumayo;presión
AT N° 054-18 PUT-San Miguel y Valle del Guzmuez.pdf;2018;Putumayo;reclutamiento forzado
AT N° 054-18 PUT-San Miguel y Valle del Guzmuez.pdf;2018;Putumayo;regalos o promesas o protección
AT N° 054-18 PUT-San Miguel y Valle del Guzmuez.pdf;2018;Putumayo;penetración de centros educativos
AT N° 056-18 BOL-Tiquisio.pdf;2018;Bolívar;reclutamiento forzado
AT N° 057-18 GUAV-Miraflores.pdf;2018;Guaviare;reclutamiento forzado
AT N° 059-18 ANT-Medellín.pdf;2018;Antioquia;violencia
AT N° 059-18 ANT-Medellín.pdf;2018;Antioquia;regalos o promesas o protección
AT N° 059-18 ANT-Medellín.pdf;2018;Antioquia;persuación de incorporación voluntaria y adoctrinamiento
AT N° 059-18 ANT-Medellín.pdf;2018;Antioquia;presión
AT N° 061-18 SUC-San Onofre.pdf;2018;Sucre;reclutamiento forzado
AT N° 061-18 SUC-San Onofre.pdf;2018;Sucre;apoyo a actividades/bandas criminales
AT N° 061-18 SUC-San Onofre.pdf;2018;Sucre;regalos o promesas o protección
AT N° 063-18 HUI-Algeciras.pdf;2018;Huila;regalos o promesas o protección
AT N° 064-18 ANT-Murindó.pdf;2018;Antioquia;reclutamiento forzado
AT N° 064-18 ANT-Murindó.pdf;2018;Antioquia;violencia
AT N° 064-18 ANT-Murindó.pdf;2018;Antioquia;presión
AT N° 065-18 MET-Mapiripan y Puerto Concordia.pdf;2018;Meta;reclutamiento forzado
AT N° 066-18 CHO-San Jose del Palmar.pdf;2018;Chocó;reclutamiento forzado
AT N° 067-18 CAU-Caloto y Corinto.pdf;2018;Cauca;reclutamiento forzado
AT N° 068-18 CHO-.pdf;2018;Chocó;regalos o promesas o protección
AT N° 069-18 CHO-Juradó.pdf;2018;Chocó;regalos o promesas o protección
AT N° 070-18 NAR-Roberto Payán.pdf;2018;Nariño;reclutamiento forzado
AT N° 070-18 NAR-Roberto Payán.pdf;2018;Nariño;penetración de centros educativos
AT N° 074-18 VAL-Florida y Pradera.pdf;2018;Valle del Cauca;reclutamiento forzado
AT N° 074-18 VAL-Florida y Pradera.pdf;2018;Valle del Cauca;penetración de centros educativos
AT N° 075-18 CAS-Hato Corozal, Sácama y Támara.pdf;2018;Casanare;violencia
AT N° 075-18 CAS-Hato Corozal, Sácama y Támara.pdf;2018;Casanare;presión
AT N° 075-18 CAS-Hato Corozal, Sácama y Támara.pdf;2018;Casanare;persuación de incorporación voluntaria y adoctrinamiento
AT N° 076-18 SANT-Barrancabermeja.pdf;2018;Antioquia;reclutamiento forzado
AT N° 076-18 SANT-Barrancabermeja.pdf;2018;Antioquia;presión
AT N° 080-18 NAR-El Charco, La Tola, Santa Bárbara, Mosquera y Olaya Herrera.pdf;2018;Nariño;reclutamiento forzado
AT N° 080-18 NAR-El Charco, La Tola, Santa Bárbara, Mosquera y Olaya Herrera.pdf;2018;Nariño;apoyo a actividades/bandas criminales
AT N° 081-18 ARA-Arauca.pdf;2018;Arauca;reclutamiento forzado
AT N° 081-18 ARA-Arauca.pdf;2018;Arauca;féminas como objetivo de reclutamiento/violencia
AT N° 082-18 NAR-Cumbitara, El Rosario, Leiva y Policarpa.pdf;2018;Nariño;consumo de drogas
AT N° 082-18 NAR-Cumbitara, El Rosario, Leiva y Policarpa.pdf;2018;Nariño;regalos o promesas o protección
AT N° 083-18 COR-Montelíbano, Puerto Libertador y Tierralta.pdf;2018;Córdoba;vinculación sentimental/sexual
AT N° 084-18 CAL-Riosucio y Supía.pdf;2018;Caldas;apoyo a actividades/bandas criminales
AT N° 085-18 VAL-Cali.pdf;2018;Valle del Cauca;apoyo a actividades/bandas criminales
AT N° 085-18 VAL-Cali.pdf;2018;Valle del Cauca;persuación de incorporación voluntaria y adoctrinamiento
AT N° 085-18 VAL-Cali.pdf;2018;Valle del Cauca;presión
AT N° 085-18 VAL-Cali.pdf;2018;Valle del Cauca;reclutamiento forzado
AT N° 085-18 VAL-Cali.pdf;2018;Valle del Cauca;violencia
AT N° 086-18 BOG.pdf;2018;Bogotá;consumo de drogas
AT N° 086-18 BOG.pdf;2018;Bogotá;apoyo a actividades/bandas criminales
AT N° 086-18 BOG.pdf;2018;Bogotá;regalos o promesas o protección
AT N° 086-18 BOG.pdf;2018;Bogotá;presión
AT N° 001-19 CAQ-San Vicente del Caguan y MET-La Macarena.pdf;2019;Meta;reclutamiento forzado
AT N° 001-19 CAQ-San Vicente del Caguan y MET-La Macarena.pdf;2019;Meta;presión
AT N° 002-19 ANT-Valdivia.pdf;2019;Valle del Cauca;regalos o promesas o protección
AT N° 002-19 ANT-Valdivia.pdf;2019;Valle del Cauca;presión
AT N° 004-19 BOL-María La Baja.pdf;2019;Bolívar;consumo de drogas
AT N° 004-19 BOL-María La Baja.pdf;2019;Bolívar;presión
AT N° 005-19 GUAV-Calamar, El Retorno y San José del Guaviare.pdf;2019;Guaviare;reclutamiento forzado
AT N° 005-19 GUAV-Calamar, El Retorno y San José del Guaviare.pdf;2019;Guaviare;regalos o promesas o protección
AT N° 005-19 GUAV-Calamar, El Retorno y San José del Guaviare.pdf;2019;Guaviare;presión
AT N° 006-19 VAL.pdf;2019;Valle del Cauca;regalos o promesas o protección
AT N° 007-19 VAL-Buenaventura.pdf;2019;Valle del Cauca;reclutamiento forzado
AT N° 007-19 VAL-Buenaventura.pdf;2019;Valle del Cauca;apoyo a actividades/bandas criminales
AT N° 007-19 VAL-Buenaventura.pdf;2019;Valle del Cauca;regalos o promesas o protección
AT N° 007-19 VAL-Buenaventura.pdf;2019;Valle del Cauca;persuación de incorporación voluntaria y adoctrinamiento
AT N° 009-19 ANT-Cañasgordas, Dabeiba, Peque y Uramita.pdf;2019;Antioquia;persuación de incorporación voluntaria y adoctrinamiento
AT N° 009-19 ANT-Cañasgordas, Dabeiba, Peque y Uramita.pdf;2019;Antioquia;presión
AT N° 010-19 BOL-Achí, Montecristo y San Jacinto del Cauca.pdf;2019;Cauca;féminas como objetivo de reclutamiento/violencia
AT N° 010-19 BOL-Achí, Montecristo y San Jacinto del Cauca.pdf;2019;Cauca;presión
AT N° 012-19 BOL-Santa Rosa del Sur.pdf;2019;Bolívar;violencia
AT N° 012-19 BOL-Santa Rosa del Sur.pdf;2019;Bolívar;regalos o promesas o protección
AT N° 012-19 BOL-Santa Rosa del Sur.pdf;2019;Bolívar;presión
AT N° 012-19 BOL-Santa Rosa del Sur.pdf;2019;Bolívar;persuación de incorporación voluntaria y adoctrinamiento
AT N° 013-19 CHO-Cértegui.pdf;2019;Chocó;consumo de drogas
AT N° 019-19 BOL-Morales.pdf;2019;Bolívar;persuación de incorporación voluntaria y adoctrinamiento
AT N° 019-19 BOL-Morales.pdf;2019;Bolívar;presión
AT N° 024-19 NSANT- Ábrego y La Playa de Belén.pdf;2019;Norte de Santander;regalos o promesas o protección
AT N° 024-19 NSANT- Ábrego y La Playa de Belén.pdf;2019;Norte de Santander;penetración de centros educativos
AT N° 024-19 NSANT- Ábrego y La Playa de Belén.pdf;2019;Norte de Santander;vinculación sentimental/sexual
AT N° 027-19 ANT- Frontino y Urrao.pdf;2019;Antioquia;presión
AT N° 027-19 ANT- Frontino y Urrao.pdf;2019;Antioquia;regalos o promesas o protección
AT N° 027-19 ANT- Frontino y Urrao.pdf;2019;Antioquia;persuación de incorporación voluntaria y adoctrinamiento
AT N° 027-19 ANT- Frontino y Urrao.pdf;2019;Antioquia;actividades lúdicas y recreativas
AT N° 033-19 CAU-Suárez.pdf;2019;Cauca;regalos o promesas o protección
AT N° 035-19 Riesgo Electoral.pdf;2019;Countrywide;consumo de drogas
AT N° 036-19 ANT-Bello.pdf;2019;Antioquia;reclutamiento forzado
AT N° 037-19 NSANT-Puerto Santander.pdf;2019;Norte de Santander;apoyo a actividades/bandas criminales
AT N° 037-19 NSANT-Puerto Santander.pdf;2019;Norte de Santander;presión
AT N° 039-19 LAG-Maicao.pdf;2019;La Guajira;reclutamiento forzado
AT N° 039-19 LAG-Maicao.pdf;2019;La Guajira;regalos o promesas o protección
AT N° 039-19 LAG-Maicao.pdf;2019;La Guajira;féminas como objetivo de reclutamiento/violencia
AT N° 039-19 LAG-Maicao.pdf;2019;La Guajira;actividades lúdicas y recreativas
AT N° 042-19 MET-Puerto Lleras, Puerto Rico y Vista Hermosa.pdf;2019;Meta;reclutamiento forzado
AT N° 043-19 CUN-Girardot y Ricaurte TOL-Espinal y Flandes.pdf;2019;Tolima;apoyo a actividades/bandas criminales
AT N° 044-19 MAG-Aracataca, Ciénaga, Fundación, Santa Marta y Zona Bananera.pdf;2019;Magdalena;apoyo a actividades/bandas criminales
AT N° 044-19 MAG-Aracataca, Ciénaga, Fundación, Santa Marta y Zona Bananera.pdf;2019;Magdalena;reclutamiento forzado
AT N° 044-19 MAG-Aracataca, Ciénaga, Fundación, Santa Marta y Zona Bananera.pdf;2019;Magdalena;regalos o promesas o protección
AT N° 044-19 MAG-Aracataca, Ciénaga, Fundación, Santa Marta y Zona Bananera.pdf;2019;Magdalena;féminas como objetivo de reclutamiento/violencia
AT N° 045-19 NAR-Barbacoas, Ricaurte, Tumaco.pdf;2019;Nariño;reclutamiento forzado
AT N° 045-19 NAR-Barbacoas, Ricaurte, Tumaco.pdf;2019;Nariño;apoyo a actividades/bandas criminales
AT N° 047-19 TOL-Murillo y Santa Isabel.pdf;2019;Tolima;persuación de incorporación voluntaria y adoctrinamiento
AT N° 048-19 CAU-Santander de Quilichao.pdf;2019;Cauca;apoyo a actividades/bandas criminales
AT N° 048-19 CAU-Santander de Quilichao.pdf;2019;Cauca;regalos o promesas o protección
AT N° 049-19 CHO-Quibdó.pdf;2019;Quindío;apoyo a actividades/bandas criminales
AT N° 049-19 CHO-Quibdó.pdf;2019;Quindío;regalos o promesas o protección
AT N° 049-19 CHO-Quibdó.pdf;2019;Quindío;penetración de centros educativos
AT N° 050-19 CAS-Hato Corozal y Paz de Ariporo.pdf;2019;Casanare;regalos o promesas o protección
AT N° 050-19 CAS-Hato Corozal y Paz de Ariporo.pdf;2019;Casanare;presión
AT N° 051-19 ANT-Caracolí, Maceo, Puerto Berrío y Puerto Naré.pdf;2019;Antioquia;apoyo a actividades/bandas criminales
AT N° 051-19 ANT-Caracolí, Maceo, Puerto Berrío y Puerto Naré.pdf;2019;Antioquia;regalos o promesas o protección
AT N° 054-19 COR-Montelíbano, Puerto Libertador, San José de Uré y Tierralta.pdf;2019;Córdoba;reclutamiento forzado
AT N° 056-19 GUAI-Inirida, Cacahual, Puerto Colombia, San Felipe y La Guadalupe.pdf;2019;Guainía;reclutamiento forzado
AT N° 056-19 GUAI-Inirida, Cacahual, Puerto Colombia, San Felipe y La Guadalupe.pdf;2019;Guainía;féminas como objetivo de reclutamiento/violencia
AT N° 056-19 GUAI-Inirida, Cacahual, Puerto Colombia, San Felipe y La Guadalupe.pdf;2019;Guainía;presión
AT N° 001-2020 NAR-Tumaco.pdf;2020;Nariño;reclutamiento forzado
AT N° 001-2020 NAR-Tumaco.pdf;2020;Nariño;presión
AT N° 002-2020 BOL-Arjona, Cartagena y Turbaco.pdf;2020;Bolívar;apoyo a actividades/bandas criminales
AT N° 002-2020 BOL-Arjona, Cartagena y Turbaco.pdf;2020;Bolívar;regalos o promesas o protección
AT N° 002-2020 BOL-Arjona, Cartagena y Turbaco.pdf;2020;Bolívar;féminas como objetivo de reclutamiento/violencia
AT N° 003-2020 SUC-Guaranda, Majagual, San Benito Abad, San Marcos y Sucre.pdf;2020;Sucre;regalos o promesas o protección
AT N° 003-2020 SUC-Guaranda, Majagual, San Benito Abad, San Marcos y Sucre.pdf;2020;Sucre;féminas como objetivo de reclutamiento/violencia
AT N° 004-2020 ANT-Briceño e Ituango.pdf;2020;Antioquia;apoyo a actividades/bandas criminales
AT N° 004-2020 ANT-Briceño e Ituango.pdf;2020;Antioquia;violencia
AT N° 004-2020 ANT-Briceño e Ituango.pdf;2020;Antioquia;vinculación sentimental/sexual
AT N° 006-2020 BOL-El Carmen de Bolívar.pdf;2020;Bolívar;reclutamiento forzado
AT N° 006-2020 BOL-El Carmen de Bolívar.pdf;2020;Bolívar;regalos o promesas o protección
AT N° 006-2020 BOL-El Carmen de Bolívar.pdf;2020;Bolívar;presión
AT N° 007-2020 CAQ-El Doncello y Puerto Rico.pdf;2020;Caquetá;reclutamiento forzado
AT N° 007-2020 CAQ-El Doncello y Puerto Rico.pdf;2020;Caquetá;regalos o promesas o protección
AT N° 009-2020 CHO-Carmen del Darien y Riosucio.pdf;2020;Chocó;reclutamiento forzado
AT N° 009-2020 CHO-Carmen del Darien y Riosucio.pdf;2020;Chocó;regalos o promesas o protección
AT N° 009-2020 CHO-Carmen del Darien y Riosucio.pdf;2020;Chocó;vinculación sentimental/sexual
AT N° 017-2020 MET-Cabuyaro, Puerto Gaitán y Puerto López.pdf;2020;Meta;reclutamiento forzado
AT N° 017-2020 MET-Cabuyaro, Puerto Gaitán y Puerto López.pdf;2020;Meta;regalos o promesas o protección
AT N° 019-20 CAU-Buenos Aires.pdf;2020;Cauca;regalos o promesas o protección
AT N° 021-20 CHO- Rio Quito Cértegui y Cantón..pdf;2020;Chocó;reclutamiento forzado
AT N° 021-20 CHO- Rio Quito Cértegui y Cantón..pdf;2020;Chocó;apoyo a actividades/bandas criminales
AT N° 024-2020 VAU-Papunaua.pdf;2020;Vaupés;persuación de incorporación voluntaria y adoctrinamiento
AT N° 026-2020 MET-Mesetas y Uribe.pdf;2020;Meta;reclutamiento forzado
AT N° 026-2020 MET-Mesetas y Uribe.pdf;2020;Meta;regalos o promesas o protección
AT N° 036-2020 NAR-El Rosario y Leiva.pdf;2020;Nariño;reclutamiento forzado
AT N° 037-2020 ATL-Barranquilla, Galapa, Malambo, Puerto Colombia y Soledad.pdf;2020;Atlántico;reclutamiento forzado
AT N° 037-2020 ATL-Barranquilla, Galapa, Malambo, Puerto Colombia y Soledad.pdf;2020;Atlántico;regalos o promesas o protección
AT N° 039-2020 CUN-Sibate y Soacha.pdf;2020;Cundinamarca;reclutamiento forzado
AT N° 040-2020 CAU-Caldono.pdf;2020;Cauca;reclutamiento forzado
AT N° 041-2020 QUI-Armenia, CAL-Manizales y RIS-Pereira.pdf;2020;Risaralda;apoyo a actividades/bandas criminales
AT N° 041-2020 QUI-Armenia, CAL-Manizales y RIS-Pereira.pdf;2020;Risaralda;regalos o promesas o protección
AT N° 042-2020 BOY-Chiscas, Chita, El Cocuy, El Espino, Güican, Jericó, Panqueba, Socha y Socotá.pdf;2020;Boyacá;reclutamiento forzado
AT N° 042-2020 BOY-Chiscas, Chita, El Cocuy, El Espino, Güican, Jericó, Panqueba, Socha y Socotá.pdf;2020;Boyacá;presión
AT N° 047-2020 CAU-Argelia, Balboa y El Tambo.pdf;2020;Cauca;reclutamiento forzado
AT N° 047-2020 CAU-Argelia, Balboa y El Tambo.pdf;2020;Cauca;apoyo a actividades/bandas criminales
AT N° 050-2020 NSANT-Tibú_of.pdf;2020;Norte de Santander;reclutamiento forzado
AT N° 052-2020 ANT-Sabanalarga of.pdf;2020;Antioquia;reclutamiento forzado
AT N° 052-2020 ANT-Sabanalarga of.pdf;2020;Antioquia;presión
AT N° 052-2020 ANT-Sabanalarga of.pdf;2020;Antioquia;persuación de incorporación voluntaria y adoctrinamiento
AT N° 001-2021 CAQ-Curillo, Solita y San José del Fragua CAU-Piamonte PUT-Puerto Guzmán of.pdf;2021;Putumayo;cuota familiar de reclutamiento
AT N° 001-2021 CAQ-Curillo, Solita y San José del Fragua CAU-Piamonte PUT-Puerto Guzmán of.pdf;2021;Putumayo;regalos o promesas o protección
AT N° 002-2021 AMA-Leticia, Puerto Nariño, El Encanto, La Chorrera, Puerto Alegría, Puerto Arica y Tarapacá of.pdf;2021;Nariño;regalos o promesas o protección
AT N° 002-2021 AMA-Leticia, Puerto Nariño, El Encanto, La Chorrera, Puerto Alegría, Puerto Arica y Tarapacá of.pdf;2021;Nariño;presión
AT N° 003-2021 VAL-Buenaventura of.pdf;2021;Valle del Cauca;presión
AT N° 004-2021 NSANT-Convención, El Carmen y Teorama of.pdf;2021;Norte de Santander;regalos o promesas o protección
AT N° 005-2021 VIC-Puerto Carreño of.pdf;2021;Vichada;reclutamiento forzado
AT N° 013-2021 PUT- Orito, Puerto Asís, Puerto Caicedo, San Miguel y Valle de Guamuez of.pdf;2021;Putumayo;regalos o promesas o protección
AT N° 013-2021 PUT- Orito, Puerto Asís, Puerto Caicedo, San Miguel y Valle de Guamuez of.pdf;2021;Putumayo;féminas como objetivo de reclutamiento/violencia
AT N° 016-2021 ANT-Vigia del Fuerte CHO-Atrato Medio y Bojayá_ of.pdf;2021;Chocó;regalos o promesas o protección
AT N° 016-2021 ANT-Vigia del Fuerte CHO-Atrato Medio y Bojayá_ of.pdf;2021;Chocó;actividades lúdicas y recreativas
AT N° 017-2021 VAL-Dagua of.pdf;2021;Valle del Cauca;persuación de incorporación voluntaria y adoctrinamiento
AT N° 019-2021 VAL-Cerrito, Guadalajara de Buga y Palmira of.pdf;2021;Valle del Cauca;apoyo a actividades/bandas criminales
AT N° 019-2021 VAL-Cerrito, Guadalajara de Buga y Palmira of.pdf;2021;Valle del Cauca;regalos o promesas o protección
AT N° 022-2021 AMA-La Pedrera of.pdf;2021;Amazonas;reclutamiento forzado
AT N° 022-2021 AMA-La Pedrera of.pdf;2021;Amazonas;regalos o promesas o protección
AT N° 022-2021 AMA-La Pedrera of.pdf;2021;Amazonas;féminas como objetivo de reclutamiento/violencia
AT N° 022-2021 AMA-La Pedrera of.pdf;2021;Amazonas;presión
AT N° 023-2021 ARA-Cravo Norte y Puerto Rondón of.pdf;2021;Arauca;reclutamiento forzado
AT N° 023-2021 ARA-Cravo Norte y Puerto Rondón of.pdf;2021;Arauca;apoyo a actividades/bandas criminales
AT N° 023-2021 ARA-Cravo Norte y Puerto Rondón of.pdf;2021;Arauca;regalos o promesas o protección
AT N° 024-2021 CHO-Litoral del San Juan VAL-Buenaventura of.pdf;2021;Valle del Cauca;reclutamiento forzado
AT N° 024-2021 CHO-Litoral del San Juan VAL-Buenaventura of.pdf;2021;Valle del Cauca;presión
AT N° 025-2021 NSANT-El Tarra y San Calixto of.pdf;2021;Norte de Santander;reclutamiento forzado
AT N° 025-2021 NSANT-El Tarra y San Calixto of.pdf;2021;Norte de Santander;regalos o promesas o protección
AT N° 025-2021 NSANT-El Tarra y San Calixto of.pdf;2021;Norte de Santander;féminas como objetivo de reclutamiento/violencia
AT N° 027-2021 CHO-Condoto y Nóvita of.pdf;2021;Chocó;reclutamiento forzado
AT N° 028-2021 SANT-Bucaramanga, Floridablanca, Girón y Piedecuesta of.pdf;2021;Antioquia;
AT N° 001-2022 VAL-Cali of.pdf;2022;Valle del Cauca;regalos o promesas o protección
AT N° 001-2022 VAL-Cali of.pdf;2022;Valle del Cauca;persuación de incorporación voluntaria y adoctrinamiento
AT N° 006-2022 MAG-Algarrobo y Sabanas de San Ángel of.pdf;2022;Magdalena;regalos o promesas o protección
AT N° 006-2022 MAG-Algarrobo y Sabanas de San Ángel of.pdf;2022;Magdalena;presión
AT N° 011-2022 CAQ-La Montañita of.pdf;2022;Caquetá;persuación de incorporación voluntaria y adoctrinamiento
AT N° 013-2022 ANT-Fredonia y Venecia of.pdf;2022;Antioquia;reclutamiento forzado
AT N° 013-2022 ANT-Fredonia y Venecia of.pdf;2022;Antioquia;apoyo a actividades/bandas criminales
IR N° 012-03 CAUCA-Piamonte.pdf;2003;Cauca;reclutamiento forzado
IR N° 012-03 CAUCA-Piamonte.pdf;2003;Cauca;presión
IR N° 030-03 RISARALDA-Dosquebradas.pdf;2003;Risaralda;consumo de drogas
IR N° 074-03 BOYACA-Duitama.pdf;2003;Boyacá;reclutamiento forzado
IR N° 013-04 CUNDINAMARCA-Bogotá.pdf;2004;Cundinamarca;apoyo a actividades/bandas criminales
IR N° 013-04 CUNDINAMARCA-Bogotá.pdf;2004;Cundinamarca;regalos o promesas o protección
IR N° 013-04 CUNDINAMARCA-Bogotá.pdf;2004;Cundinamarca;violencia
IR N° 013-04 CUNDINAMARCA-Bogotá.pdf;2004;Cundinamarca;presión
IR N° 025-04 CESAR-Valledupar.pdf;2004;Valle del Cauca;reclutamiento forzado
IR N° 026-04 SUCRE-Coloso.pdf;2004;Sucre;reclutamiento forzado
IR N° 030-04 SUCRE-Sincelejo y Corozal.pdf;2004;Sucre;reclutamiento forzado
IR N° 036-04 CHOCO - Carmen del Darien.pdf;2004;Chocó;reclutamiento forzado
IR N° 051-04 ANTIOQUIA-Medellín.pdf;2004;Quindío;reclutamiento forzado
IR N° 051-04 ANTIOQUIA-Medellín.pdf;2004;Quindío;apoyo a actividades/bandas criminales
IR N° 058-04 QUINDIO- Genova, Pijao y Cordoba.pdf;2004;Quindío;féminas como objetivo de reclutamiento/violencia
IR N° 003-05 RISARALDA-Mistrató.pdf;2005;Risaralda;reclutamiento forzado
IR N° 003-05 RISARALDA-Mistrató.pdf;2005;Risaralda;violencia
IR N° 003-05 RISARALDA-Mistrató.pdf;2005;Risaralda;persuación de incorporación voluntaria y adoctrinamiento
IR N° 007-05 CALDAS-Pensilvania.pdf;2005;Caldas;reclutamiento forzado
IR N° 007-05 CALDAS-Pensilvania.pdf;2005;Caldas;regalos o promesas o protección
IR N° 007-05 CALDAS-Pensilvania.pdf;2005;Caldas;vinculación sentimental/sexual
IR N° 013-05 VALLE DEL CAUCA-Argelia.pdf;2005;Valle del Cauca;regalos o promesas o protección
IR N° 013-05 VALLE DEL CAUCA-Argelia.pdf;2005;Valle del Cauca;presión
IR N° 027-05 BOLIVAR-Cartagena, Turbaco y Carmen de Bolivar.pdf;2005;Bolívar;consumo de drogas
IR N° 027-05 BOLIVAR-Cartagena, Turbaco y Carmen de Bolivar.pdf;2005;Bolívar;actividades lúdicas y recreativas
IR N° 028-05 NARIÑO-Mallama y Ricaurte.pdf;2005;Nariño;reclutamiento forzado
IR N° 029-05 META-Lejanias.pdf;2005;Meta;reclutamiento forzado
IR N° 030-05 VALLE DEL CAUCA-Trujillo.pdf;2005;Valle del Cauca;reclutamiento forzado
IR N° 042-05 NARIÑO- Cumbitara, Policarpa, El Rosario y Leiva.pdf;2005;Nariño;reclutamiento forzado
IR N° 046-05 NARIÑO-Cumbal.pdf;2005;Nariño;reclutamiento forzado
IR N° 051-05 ARAUCA-Arauquita, Fortul y Saravena.pdf;2005;Arauca;presión
IR N° 051-05 ARAUCA-Arauquita, Fortul y Saravena.pdf;2005;Arauca;reclutamiento forzado
IR N° 051-05 ARAUCA-Arauquita, Fortul y Saravena.pdf;2005;Arauca;féminas como objetivo de reclutamiento/violencia
IR N° 051-05 ARAUCA-Arauquita, Fortul y Saravena.pdf;2005;Arauca;vinculación sentimental/sexual
IR N° 052-05 BOLIVAR-Cartagena.pdf;2005;Bolívar;actividades lúdicas y recreativas
IR N° 053-05 CUNDINAMARCA-Soacha.pdf;2005;Cundinamarca;reclutamiento forzado
IR N° 053-05 CUNDINAMARCA-Soacha.pdf;2005;Cundinamarca;presión
IR N° 062-05 ARAUCA-Tame.pdf;2005;Arauca;reclutamiento forzado
IR N° 062-05 ARAUCA-Tame.pdf;2005;Arauca;féminas como objetivo de reclutamiento/violencia
IR N° 062-05 ARAUCA-Tame.pdf;2005;Arauca;presión
IR N° 063-05 CESAR-Curumaní, Chimichagua y Pailitas NORTE DE SANTANDER-El Carmen.pdf;2005;Norte de Santander;reclutamiento forzado
IR N° 064-05 NARIÑO-Tumaco.pdf;2005;Nariño;reclutamiento forzado
IR N° 064-05 NARIÑO-Tumaco.pdf;2005;Nariño;regalos o promesas o protección
IR N° 064-05 NARIÑO-Tumaco.pdf;2005;Nariño;presión
IR N° 006-06 CORDOBA-Montelibano y Puerto Libertador.pdf;2006;Córdoba;regalos o promesas o protección
IR N° 032-06 ARAUCA-Arauquita, Fortul, Saravena y Tame.pdf;2006;Arauca;reclutamiento forzado
IR N° 032-06 ARAUCA-Arauquita, Fortul, Saravena y Tame.pdf;2006;Arauca;presión
IR N° 044-06 ANTIOQUIA-Medellín.pdf;2006;Quindío;regalos o promesas o protección
IR N° 050-06 VAUPES-Mitú y Carúru.pdf;2006;Vaupés;reclutamiento forzado
IR N° 050-06 VAUPES-Mitú y Carúru.pdf;2006;Vaupés;persuación de incorporación voluntaria y adoctrinamiento
IR N° 051-06 VALLE DEL CAUCA-Vijes.pdf;2006;Valle del Cauca;reclutamiento forzado
IR N° 009-07 ANTIOQUIA-Medellín.pdf;2007;Quindío;violencia
IR N° 009-07 ANTIOQUIA-Medellín.pdf;2007;Quindío;regalos o promesas o protección
IR N° 009-07 ANTIOQUIA-Medellín.pdf;2007;Quindío;persuación de incorporación voluntaria y adoctrinamiento
IR N° 021-07 TOLIMA-Planadas.pdf;2007;Tolima;reclutamiento forzado
IR N° 029-07 A.I NARIÑO-Barbacoas, Maguï-Payán y Roberto Payán.pdf;2007;Nariño;reclutamiento forzado
IR N° 033-07 A.I SANTANDER-Bucaramanga, Girón, Floridablanca y Piedecuesta.pdf;2007;Antioquia;consumo de drogas
IR N° 033-07 A.I SANTANDER-Bucaramanga, Girón, Floridablanca y Piedecuesta.pdf;2007;Antioquia;apoyo a actividades/bandas criminales
IR N° 035-07 A.I. CAUCA-Guapi, Timbiqui y López de Micay.pdf;2007;Cauca;regalos o promesas o protección
IR N° 002-08 GUAVIARE-Miraflores.pdf;2008;Guaviare;consumo de drogas
IR N° 002-08 GUAVIARE-Miraflores.pdf;2008;Guaviare;reclutamiento forzado
IR N° 003-08 A.I. SUCRE-Sincelejo y Toluviejo.pdf;2008;Sucre;reclutamiento forzado
IR N° 003-08 A.I. SUCRE-Sincelejo y Toluviejo.pdf;2008;Sucre;regalos o promesas o protección
IR N° 003-08 A.I. SUCRE-Sincelejo y Toluviejo.pdf;2008;Sucre;violencia
IR N° 003-08 A.I. SUCRE-Sincelejo y Toluviejo.pdf;2008;Sucre;presión
IR N° 006-08 A.I. NORTE DE SANTANDER-El Tarra y Tibú.pdf;2008;Norte de Santander;reclutamiento forzado
IR N° 007-08 A.I VAUPES-Mitú, Carurú y Pacoa AMAZONAS-La Victoria.pdf;2008;Vaupés;persuación de incorporación voluntaria y adoctrinamiento
IR N° 008-08 VICHADA-Puerto Carreño.pdf;2008;Vichada;reclutamiento forzado
IR N° 010-08 A.I RISARALDA-Dosquebradas, Pereira, La Virginia y Santa Rosa de Osos.pdf;2008;Risaralda;apoyo a actividades/bandas criminales
IR N° 010-08 A.I RISARALDA-Dosquebradas, Pereira, La Virginia y Santa Rosa de Osos.pdf;2008;Risaralda;regalos o promesas o protección
IR N° 011-08 A.I QUINDIO-Génova, Pijao, Córdoba, Calarca, Buenavista y Salento.pdf;2008;Quindío;reclutamiento forzado
IR N° 011-08 A.I QUINDIO-Génova, Pijao, Córdoba, Calarca, Buenavista y Salento.pdf;2008;Quindío;regalos o promesas o protección
IR N° 012-08 A.I CAQUETÁ-Belén de los Andaquíes, Albania, Valparaiso y San Jose del Fragua.pdf;2008;Caquetá;reclutamiento forzado
IR N° 015-08 CAUCA-Corinto.pdf;2008;Córdoba;reclutamiento forzado
IR N° 015-08 CAUCA-Corinto.pdf;2008;Córdoba;presión
IR N° 015-08 CAUCA-Corinto.pdf;2008;Córdoba;persuación de incorporación voluntaria y adoctrinamiento
IR N° 017-08 CAUCA-Patía.pdf;2008;Cauca;reclutamiento forzado
IR N° 017-08 CAUCA-Patía.pdf;2008;Cauca;féminas como objetivo de reclutamiento/violencia
IR N° 017-08 CAUCA-Patía.pdf;2008;Cauca;presión
IR N° 018-08 CORDOBA-Monteria.pdf;2008;Córdoba;reclutamiento forzado
IR N° 018-08 CORDOBA-Monteria.pdf;2008;Córdoba;regalos o promesas o protección
IR N° 018-08 CORDOBA-Monteria.pdf;2008;Córdoba;presión
IR N° 021-08 A.I. BOGOTÁ D.C. - CUNDINAMARCA-Soacha.pdf;2008;Cundinamarca;reclutamiento forzado
IR N° 022-08 VICHADA-Cumaribo.pdf;2008;Vichada;reclutamiento forzado
IR N° 027-08 A.I ATLÁNTICO-Barranquilla, Galapa, Malambo, Puerto Colombia y Soledad.pdf;2008;Atlántico;reclutamiento forzado
IR N° 027-08 A.I ATLÁNTICO-Barranquilla, Galapa, Malambo, Puerto Colombia y Soledad.pdf;2008;Atlántico;regalos o promesas o protección
IR N° 029-08 A.I NARIÑO- Tumaco, Mosquera y Francisco Pizarro.pdf;2008;Nariño;reclutamiento forzado
IR N° 029-08 A.I NARIÑO- Tumaco, Mosquera y Francisco Pizarro.pdf;2008;Nariño;apoyo a actividades/bandas criminales
IR N° 030-08 SANTANDER-Cimitarra.pdf;2008;Antioquia;regalos o promesas o protección
IR N° 030-08 SANTANDER-Cimitarra.pdf;2008;Antioquia;presión
IR N° 030-08 SANTANDER-Cimitarra.pdf;2008;Antioquia;persuación de incorporación voluntaria y adoctrinamiento
IR Nº 032-08 VALLE DEL CAUCA-Buenaventura.pdf;2008;Valle del Cauca;violencia
IR Nº 032-08 VALLE DEL CAUCA-Buenaventura.pdf;2008;Valle del Cauca;regalos o promesas o protección
IR N° 002-09 LA GUAJIRA-Maicao.pdf;2009;La Guajira;regalos o promesas o protección
IR N° 003-09 A.I. ANTIOQUIA-Apartadó y Turbo.pdf;2009;Quindío;regalos o promesas o protección
IR N° 003-09 A.I. ANTIOQUIA-Apartadó y Turbo.pdf;2009;Quindío;presión
IR N° 003-09 A.I. ANTIOQUIA-Apartadó y Turbo.pdf;2009;Quindío;persuación de incorporación voluntaria y adoctrinamiento
IR N° 004-09 A.I. CESAR-Valledupar y Pueblo Bello.pdf;2009;Valle del Cauca;presión
IR N° 004-09 A.I. CESAR-Valledupar y Pueblo Bello.pdf;2009;Valle del Cauca;persuación de incorporación voluntaria y adoctrinamiento
IR N° 006-09 A.I NORTE DE SANTADER-El Carmen, Convención.pdf;2009;Norte de Santander;reclutamiento forzado
IR N° 007-09 ARAUCA-Tame.pdf;2009;Arauca;persuación de incorporación voluntaria y adoctrinamiento
IR N° 007-09 ARAUCA-Tame.pdf;2009;Arauca;presión
IR N° 009-09 MAGDALENA-Santa Marta.pdf;2009;Magdalena;reclutamiento forzado
IR N° 011-09 CHOCÓ-Alto Baudó, Medio Baudo y Bajo Baudó.pdf;2009;Chocó;reclutamiento forzado
IR N° 011-09 CHOCÓ-Alto Baudó, Medio Baudo y Bajo Baudó.pdf;2009;Chocó;apoyo a actividades/bandas criminales
IR N° 011-09 CHOCÓ-Alto Baudó, Medio Baudo y Bajo Baudó.pdf;2009;Chocó;regalos o promesas o protección
IR N° 014-09A.I NARIÑO-El Charco, Iscuandé, La Tola y Olaya Herrera.pdf;2009;Nariño;reclutamiento forzado
IR N° 015-09 BOLIVAR-Magangue.pdf;2009;Magdalena;apoyo a actividades/bandas criminales
IR N° 015-09 BOLIVAR-Magangue.pdf;2009;Magdalena;presión
IR N° 016-09 A.I ANTIOQUIA-Caucasia, El Bagre, Nechí y Zaragoza.pdf;2009;Quindío;reclutamiento forzado
IR N° 016-09 A.I ANTIOQUIA-Caucasia, El Bagre, Nechí y Zaragoza.pdf;2009;Quindío;presión
IR N° 017-09 A.I. LA GUAJIRA-Riohacha y Dibulla.pdf;2009;La Guajira;reclutamiento forzado
IR N° 017-09 A.I. LA GUAJIRA-Riohacha y Dibulla.pdf;2009;La Guajira;apoyo a actividades/bandas criminales
IR N° 018-09 ARAUCA-Saravena.pdf;2009;Arauca;consumo de drogas
IR N° 018-09 ARAUCA-Saravena.pdf;2009;Arauca;regalos o promesas o protección
IR N° 020-09 ANTIOQUIA-Turbo.pdf;2009;Quindío;regalos o promesas o protección
IR N° 021-09 VALLE DEL CAUCA-El Dovio.pdf;2009;Valle del Cauca;regalos o promesas o protección
IR N° 021-09 VALLE DEL CAUCA-El Dovio.pdf;2009;Valle del Cauca;vinculación sentimental/sexual
IR N° 022-09 CÓRDOBA-Tierralta.pdf;2009;Córdoba;reclutamiento forzado
IR N° 025-09 A.I MAGDALENA-Aracataca, Cienaga, El Retén, Fundación y Zona Bananera.pdf;2009;Magdalena;reclutamiento forzado
IR N° 025-09 A.I MAGDALENA-Aracataca, Cienaga, El Retén, Fundación y Zona Bananera.pdf;2009;Magdalena;regalos o promesas o protección
IR N° 027-09 CÓRDOBA-Lorica (de Inminencia).pdf;2009;Córdoba;consumo de drogas
IR N° 027-09 CÓRDOBA-Lorica (de Inminencia).pdf;2009;Córdoba;actividades lúdicas y recreativas
IR N° 028-09 A.I META-El Castillo, Lejanias, Mesetas y Uribe.pdf;2009;Meta;reclutamiento forzado
IR N° 029-09 A.I. SUCRE-Coveñas, San Onofre y Tolú.pdf;2009;Sucre;reclutamiento forzado
IR N° 029-09 A.I. SUCRE-Coveñas, San Onofre y Tolú.pdf;2009;Sucre;regalos o promesas o protección
IR N° 001-10 CAUCA-Caloto.pdf;2010;Cauca;reclutamiento forzado
IR N° 002-10 VALLE DEL CAUCA-Tulua.pdf;2010;Valle del Cauca;reclutamiento forzado
IR N° 003-10 A.I. Bogotá D.C-CUNDINAMARCA-Cabrera, San Bernardo y Venecia.pdf;2010;Cundinamarca;reclutamiento forzado
IR N° 006-10 META-Villavicencio.pdf;2010;Meta;reclutamiento forzado
IR N° 006-10 META-Villavicencio.pdf;2010;Meta;regalos o promesas o protección
IR N° 006-10 META-Villavicencio.pdf;2010;Meta;vinculación sentimental/sexual
IR N° 007-10 LA GUAJIRA-Uribia.pdf;2010;La Guajira;presión
IR N° 011-10 AI CORDOBA-Lorica, Moñitos, San Antero y San Bernardo del Viento.pdf;2010;Córdoba;regalos o promesas o protección
IR N° 011-10 AI CORDOBA-Lorica, Moñitos, San Antero y San Bernardo del Viento.pdf;2010;Córdoba;féminas como objetivo de reclutamiento/violencia
IR N° 011-10 AI CORDOBA-Lorica, Moñitos, San Antero y San Bernardo del Viento.pdf;2010;Córdoba;vinculación sentimental/sexual
IR N° 013-10 PUTUMAYO-San Miguel.pdf;2010;Putumayo;reclutamiento forzado
IR N° 014-10 PUTUMAYO-Orito.pdf;2010;Putumayo;regalos o promesas o protección
IR N° 014-10 PUTUMAYO-Orito.pdf;2010;Putumayo;presión
IR N° 015-10 A.I. CHOCÓ-Bojaya y Carmen de Atrato ANTIOQUIA-Vigia del Fuerte.pdf;2010;Quindío;regalos o promesas o protección
IR N° 015-10 A.I. CHOCÓ-Bojaya y Carmen de Atrato ANTIOQUIA-Vigia del Fuerte.pdf;2010;Quindío;reclutamiento forzado
IR N° 015-10 A.I. CHOCÓ-Bojaya y Carmen de Atrato ANTIOQUIA-Vigia del Fuerte.pdf;2010;Quindío;actividades lúdicas y recreativas
IR N° 015-10 A.I. CHOCÓ-Bojaya y Carmen de Atrato ANTIOQUIA-Vigia del Fuerte.pdf;2010;Quindío;persuación de incorporación voluntaria y adoctrinamiento
IR N° 016-10 ANTIOQUIA-Medellín.pdf;2010;Quindío;presión
IR N° 017-10 A.I. CAUCA-Guapi, Timbiquí y Lopez de Micay.pdf;2010;Cauca;regalos o promesas o protección
IR N° 018-10 VICHADA-Cumaribo.pdf;2010;Vichada;reclutamiento forzado
IR N° 018-10 VICHADA-Cumaribo.pdf;2010;Vichada;penetración de centros educativos
IR N° 019-10A.I. CHOCÓ-Istmina, Medio San Juan y Sipí.pdf;2010;Chocó;apoyo a actividades/bandas criminales
IR N° 001-11 A.I. CÓRDOBA- Pueblo Nuevo, Buenavista, Planeta Rica, La Apartada y Ayapel.pdf;2011;Córdoba;apoyo a actividades/bandas criminales
IR N° 001-11 A.I. CÓRDOBA- Pueblo Nuevo, Buenavista, Planeta Rica, La Apartada y Ayapel.pdf;2011;Córdoba;reclutamiento forzado
IR N° 001-11 A.I. CÓRDOBA- Pueblo Nuevo, Buenavista, Planeta Rica, La Apartada y Ayapel.pdf;2011;Córdoba;regalos o promesas o protección
IR N° 003-11 ANTIOQUIA-Nechí (inminencia).pdf;2011;Quindío;reclutamiento forzado
IR N° 004-11 CUNDINAMARCA-Soacha.pdf;2011;Cundinamarca;reclutamiento forzado
IR N° 004-11 CUNDINAMARCA-Soacha.pdf;2011;Cundinamarca;apoyo a actividades/bandas criminales
IR N° 004-11 CUNDINAMARCA-Soacha.pdf;2011;Cundinamarca;regalos o promesas o protección
IR N° 008-11 BOLIVAR-Barranco de Loba (inminencia).pdf;2011;Bolívar;presión
IR N° 010-11 CHOCÓ-Acandí y Unguía.pdf;2011;Chocó;regalos o promesas o protección
IR N° 010-11 CHOCÓ-Acandí y Unguía.pdf;2011;Chocó;penetración de centros educativos
IR N° 010-11 CHOCÓ-Acandí y Unguía.pdf;2011;Chocó;presión
IR N° 011-11 CUNDINARMARCA-Cabrera.pdf;2011;Nariño;reclutamiento forzado
IR N° 012-11 A.I. NORTE DE SANTANDER-Cúcuta, Los Patios y Villa de Rosario.pdf;2011;Norte de Santander;regalos o promesas o protección
IR N° 012-11 A.I. NORTE DE SANTANDER-Cúcuta, Los Patios y Villa de Rosario.pdf;2011;Norte de Santander;penetración de centros educativos
IR N° 012-11 A.I. NORTE DE SANTANDER-Cúcuta, Los Patios y Villa de Rosario.pdf;2011;Norte de Santander;persuación de incorporación voluntaria y adoctrinamiento
IR N° 013-11 HUILA-Colombia.pdf;2011;Huila;persuación de incorporación voluntaria y adoctrinamiento
IR N° 013-11 HUILA-Colombia.pdf;2011;Huila;presión
IR N° 014-11A.I. BOLIVAR-Barranco de Loba y Río Viejo.pdf;2011;Bolívar;regalos o promesas o protección
IR N° 014-11A.I. BOLIVAR-Barranco de Loba y Río Viejo.pdf;2011;Bolívar;presión
IR N° 016-11A.I. BOLIVAR-Norosi,Tiquisio y Arenal.pdf;2011;Norte de Santander;apoyo a actividades/bandas criminales
IR N° 016-11A.I. BOLIVAR-Norosi,Tiquisio y Arenal.pdf;2011;Norte de Santander;regalos o promesas o protección
IR N° 016-11A.I. BOLIVAR-Norosi,Tiquisio y Arenal.pdf;2011;Norte de Santander;féminas como objetivo de reclutamiento/violencia
IR N° 018-11 BOLIVAR-Simití (inminencia).pdf;2011;Bolívar;presión
IR N° 019-11 CHOCÓ-Quibdó.pdf;2011;Quindío;regalos o promesas o protección
IR N° 020-11A.I. ARAUCA-Cravo Norte y Puerto Rondón.pdf;2011;Arauca;violencia
IR N° 020-11A.I. ARAUCA-Cravo Norte y Puerto Rondón.pdf;2011;Arauca;penetración de centros educativos
IR N° 020-11A.I. ARAUCA-Cravo Norte y Puerto Rondón.pdf;2011;Arauca;presión
IR N° 002-12 A.I. ANTIOQUIA-Remedios, Segovia y Zaragoza.pdf;2012;Quindío;regalos o promesas o protección
IR N° 002-12 A.I. ANTIOQUIA-Remedios, Segovia y Zaragoza.pdf;2012;Quindío;presión
IR N° 004-12 A.I. NORTE DE SANTANDER-El Tarra, San Calixto y Teorama.pdf;2012;Norte de Santander;persuación de incorporación voluntaria y adoctrinamiento
IR N° 005-12 AI QUINDIO-Armenia.pdf;2012;Quindío;regalos o promesas o protección
IR N° 006-12A.I. META-Puerto Gaitán y Puerto López.pdf;2012;Meta;reclutamiento forzado
IR N° 006-12A.I. META-Puerto Gaitán y Puerto López.pdf;2012;Meta;presión
IR N° 008-12A.I. BOLIVAR-San Pablo, Santa Rosa y Simití.pdf;2012;Bolívar;regalos o promesas o protección
IR N° 008-12A.I. BOLIVAR-San Pablo, Santa Rosa y Simití.pdf;2012;Bolívar;presión
IR N° 010-12 A.I. CAUCA-Miranda VALLE DEL CAUCA-Florida y Pradera.pdf;2012;Valle del Cauca;cuota familiar de reclutamiento
IR N° 010-12 A.I. CAUCA-Miranda VALLE DEL CAUCA-Florida y Pradera.pdf;2012;Valle del Cauca;regalos o promesas o protección
IR N° 010-12 A.I. CAUCA-Miranda VALLE DEL CAUCA-Florida y Pradera.pdf;2012;Valle del Cauca;persuación de incorporación voluntaria y adoctrinamiento
IR N° 010-12 A.I. CAUCA-Miranda VALLE DEL CAUCA-Florida y Pradera.pdf;2012;Valle del Cauca;presión
IR N° 011-12 ANTIOQUIA-Apartadó-Turbo.pdf;2012;Quindío;reclutamiento forzado
IR N° 012-12 A.I GUAVIARE-Calamar y El Retorno.pdf;2012;Guaviare;regalos o promesas o protección
IR N° 012-12 A.I GUAVIARE-Calamar y El Retorno.pdf;2012;Guaviare;presión
IR N° 013-12 CAQUETÁ- La Montañita.pdf;2012;Caquetá;regalos o promesas o protección
IR N° 013-12 CAQUETÁ- La Montañita.pdf;2012;Caquetá;presión
IR N° 014-12 A.I. META-Granada y San Martín.pdf;2012;Meta;apoyo a actividades/bandas criminales
IR N° 014-12 A.I. META-Granada y San Martín.pdf;2012;Meta;regalos o promesas o protección
IR N° 015-12 A.I.GUAINIA-Barrancominas VICHADA-Cumaribo.pdf;2012;Vichada;presión
IR N° 015-12 A.I.GUAINIA-Barrancominas VICHADA-Cumaribo.pdf;2012;Vichada;penetración de centros educativos
IR N° 015-12 A.I.GUAINIA-Barrancominas VICHADA-Cumaribo.pdf;2012;Vichada;persuación de incorporación voluntaria y adoctrinamiento
IR N° 017-12 A.I.TOLIMA-Ataco, Chaparral, Planadas y Ríoblanco.pdf;2012;Tolima;reclutamiento forzado
IR N° 017-12 A.I.TOLIMA-Ataco, Chaparral, Planadas y Ríoblanco.pdf;2012;Tolima;apoyo a actividades/bandas criminales
IR N° 017-12 A.I.TOLIMA-Ataco, Chaparral, Planadas y Ríoblanco.pdf;2012;Tolima;presión
IR N° 019-12 LA GUAJIRA-Dibulla.pdf;2012;La Guajira;reclutamiento forzado
IR N° 019-12 LA GUAJIRA-Dibulla.pdf;2012;La Guajira;persuación de incorporación voluntaria y adoctrinamiento
IR N° 020-12 A.I. NORTE DE SANTANDER-Cúcuta, El Zulia, Los Patios, Puerto Santander y Villa del Rosario.pdf;2012;Norte de Santander;reclutamiento forzado
IR N° 020-12 A.I. NORTE DE SANTANDER-Cúcuta, El Zulia, Los Patios, Puerto Santander y Villa del Rosario.pdf;2012;Norte de Santander;regalos o promesas o protección
IR N° 021-12 SANTANDER-Barrancabermeja.pdf;2012;Antioquia;apoyo a actividades/bandas criminales
IR N° 021-12 SANTANDER-Barrancabermeja.pdf;2012;Antioquia;regalos o promesas o protección
IR N° 021-12 SANTANDER-Barrancabermeja.pdf;2012;Antioquia;presión
IR N° 025-12 ARAUCA-Tame.pdf;2012;Arauca;reclutamiento forzado
IR N° 026-12 ANTIOQUIA-Medellín.pdf;2012;Quindío;presión
IR N° 030-12 BOLÍVAR-Montecristo.pdf;2012;Bolívar;reclutamiento forzado
IR N° 031-12 ARAUCA-Saravena.pdf;2012;Arauca;reclutamiento forzado
IR N° 003-13 SUCRE-Sincelejo.pdf;2013;Sucre;reclutamiento forzado
IR N° 003-13 SUCRE-Sincelejo.pdf;2013;Sucre;regalos o promesas o protección
IR N° 003-13 SUCRE-Sincelejo.pdf;2013;Sucre;persuación de incorporación voluntaria y adoctrinamiento
IR N° 007-13 BOGOTÁ D.C..pdf;2013;Bogotá;apoyo a actividades/bandas criminales
IR N° 007-13 BOGOTÁ D.C..pdf;2013;Bogotá;presión
IR N° 007-13 BOGOTÁ D.C..pdf;2013;Bogotá;persuación de incorporación voluntaria y adoctrinamiento
IR N° 008-13 ANTIOQUIA-Medellín.pdf;2013;Quindío;reclutamiento forzado
IR N° 008-13 ANTIOQUIA-Medellín.pdf;2013;Quindío;regalos o promesas o protección
IR N° 008-13 ANTIOQUIA-Medellín.pdf;2013;Quindío;féminas como objetivo de reclutamiento/violencia
IR N° 008-13 ANTIOQUIA-Medellín.pdf;2013;Quindío;persuación de incorporación voluntaria y adoctrinamiento
IR N° 010-13A.I. SUCRE-Coveñas, San Onofre y Santiago de Tolú.pdf;2013;Sucre;apoyo a actividades/bandas criminales
IR N° 010-13A.I. SUCRE-Coveñas, San Onofre y Santiago de Tolú.pdf;2013;Sucre;regalos o promesas o protección
IR N° 013-13 MAGDALENA-Santa Marta.pdf;2013;Magdalena;violencia
IR N° 013-13 MAGDALENA-Santa Marta.pdf;2013;Magdalena;regalos o promesas o protección
IR N° 013-13 MAGDALENA-Santa Marta.pdf;2013;Magdalena;persuación de incorporación voluntaria y adoctrinamiento
IR N° 014-13 A.I. CHOCÓ-Bahía Solano, Juradó y Nuquí.pdf;2013;Chocó;regalos o promesas o protección
IR N° 014-13 A.I. CHOCÓ-Bahía Solano, Juradó y Nuquí.pdf;2013;Chocó;féminas como objetivo de reclutamiento/violencia
IR N° 014-13 A.I. CHOCÓ-Bahía Solano, Juradó y Nuquí.pdf;2013;Chocó;presión
IR N° 015-13 A.I. CORDOBA-Montelíbano y Puerto Libertador.pdf;2013;Córdoba;reclutamiento forzado
IR N° 015-13 A.I. CORDOBA-Montelíbano y Puerto Libertador.pdf;2013;Córdoba;féminas como objetivo de reclutamiento/violencia
IR N° 015-13 A.I. CORDOBA-Montelíbano y Puerto Libertador.pdf;2013;Córdoba;presión
IR N° 016-13 BOYACÁ-Cubará.pdf;2013;Boyacá;reclutamiento forzado
IR N° 018-13 LA GUAJIRA-Dibulla.pdf;2013;La Guajira;reclutamiento forzado
IR N° 018-13 LA GUAJIRA-Dibulla.pdf;2013;La Guajira;regalos o promesas o protección
IR N° 018-13 LA GUAJIRA-Dibulla.pdf;2013;La Guajira;presión
IR N° 019-13A.I. ANTIOQUIA-Chigorodó y Mutatá.pdf;2013;Quindío;apoyo a actividades/bandas criminales
IR N° 019-13A.I. ANTIOQUIA-Chigorodó y Mutatá.pdf;2013;Quindío;presión
IR N° 020-13 CAUCA-Caloto.pdf;2013;Cauca;reclutamiento forzado
IR N° 020-13 CAUCA-Caloto.pdf;2013;Cauca;apoyo a actividades/bandas criminales
IR N° 024-13 HUILA-Campoalegre.pdf;2013;Huila;regalos o promesas o protección
IR N° 024-13 HUILA-Campoalegre.pdf;2013;Huila;actividades lúdicas y recreativas
IR N° 026-13 VALLE DEL CAUCA-Trujillo.pdf;2013;Valle del Cauca;reclutamiento forzado
IR N° 027-13A.I. NARIÑO-Cumbitara, El Rosario, Leiva y Policarpa.pdf;2013;Nariño;reclutamiento forzado
IR N° 028-13A.I. PUTUMAYO-San Miguel y Valle del Guamuez.pdf;2013;Putumayo;reclutamiento forzado
IR N° 028-13A.I. PUTUMAYO-San Miguel y Valle del Guamuez.pdf;2013;Putumayo;presión
IR N° 032-13A.I. CORDOBA-Monteria y Valencia.pdf;2013;Córdoba;regalos o promesas o protección
IR N° 032-13A.I. CORDOBA-Monteria y Valencia.pdf;2013;Córdoba;actividades lúdicas y recreativas
IR N° 033-13 GUAVIARE-Miraflores.pdf;2013;Guaviare;presión
IR N° 033-13 GUAVIARE-Miraflores.pdf;2013;Guaviare;persuación de incorporación voluntaria y adoctrinamiento
IR N° 036-13 HUILA-Colombia.pdf;2013;Huila;cuota familiar de reclutamiento
IR N° 036-13 HUILA-Colombia.pdf;2013;Huila;regalos o promesas o protección
IR N° 036-13 HUILA-Colombia.pdf;2013;Huila;persuación de incorporación voluntaria y adoctrinamiento
IR N° 037-13 ANTIOQUIA-Puerto Berrio GOB.pdf;2013;Quindío;penetración de centros educativos
IR N° 037-13 ANTIOQUIA-Puerto Berrio GOB.pdf;2013;Quindío;presión
IR N° 039-13 A.I. BOYACÁ-Labranzagrande, Paya y Pisba.pdf;2013;Boyacá;apoyo a actividades/bandas criminales
IR N° 040-13 A.I. CASANARE-Sácama y La Salina.pdf;2013;Nariño;regalos o promesas o protección
IR N° 002-14 VALLE DEL CAUCA - Cali.pdf;2014;Valle del Cauca;regalos o promesas o protección
IR N° 006-14 RISARALDA-Pereira.pdf;2014;Risaralda;apoyo a actividades/bandas criminales
IR N° 006-14 RISARALDA-Pereira.pdf;2014;Risaralda;regalos o promesas o protección
IR N° 006-14 RISARALDA-Pereira.pdf;2014;Risaralda;presión
IR N° 007-14 CÓRDOBA-San José de Uré.pdf;2014;Córdoba;regalos o promesas o protección
IR N° 012-14 A.I. ANTIOQUIA-Apartadó, Turbo y Carepa.pdf;2014;Quindío;reclutamiento forzado
IR N° 013-14 HUILA-Algeciras.pdf;2014;Huila;regalos o promesas o protección
IR N° 013-14 HUILA-Algeciras.pdf;2014;Huila;persuación de incorporación voluntaria y adoctrinamiento
IR N° 013-14 HUILA-Algeciras.pdf;2014;Huila;presión
IR N° 014-14 RISARALDA-Mistrató.pdf;2014;Risaralda;reclutamiento forzado
IR N° 017-14A.I. CÓRDOBA-Lorica, Moñitos, San Antero y San Bernardo del Viento.pdf;2014;Córdoba;consumo de drogas
IR N° 017-14A.I. CÓRDOBA-Lorica, Moñitos, San Antero y San Bernardo del Viento.pdf;2014;Córdoba;regalos o promesas o protección
IR N° 019-14 VALLE DEL CAUCA-La Unión.pdf;2014;Valle del Cauca;apoyo a actividades/bandas criminales
IR N° 019-14 VALLE DEL CAUCA-La Unión.pdf;2014;Valle del Cauca;regalos o promesas o protección
IR N° 022-14 A.I. ANTIOQUIA-Ituango, San Andrés de Cuerquia y Toledo.pdf;2014;Quindío;reclutamiento forzado
IR N° 022-14 A.I. ANTIOQUIA-Ituango, San Andrés de Cuerquia y Toledo.pdf;2014;Quindío;regalos o promesas o protección
IR N° 022-14 A.I. ANTIOQUIA-Ituango, San Andrés de Cuerquia y Toledo.pdf;2014;Quindío;presión
IR N° 023-14 A.I. BOLÍVAR- Carmen de Bolívar, María La Baja, San Jacinto y San Juan Nepomuceno.pdf;2014;Bolívar;apoyo a actividades/bandas criminales
IR N° 023-14 A.I. BOLÍVAR- Carmen de Bolívar, María La Baja, San Jacinto y San Juan Nepomuceno.pdf;2014;Bolívar;regalos o promesas o protección
IR N° 024-14 BOLÍVAR-Achí.pdf;2014;Bolívar;reclutamiento forzado
IR N° 024-14 BOLÍVAR-Achí.pdf;2014;Bolívar;regalos o promesas o protección
IR N° 024-14 BOLÍVAR-Achí.pdf;2014;Bolívar;féminas como objetivo de reclutamiento/violencia
IR N° 032-14A.I. CALDAS-Ríosucio y Supía.pdf;2014;Caldas;cuota familiar de reclutamiento
IR N° 032-14A.I. CALDAS-Ríosucio y Supía.pdf;2014;Caldas;presión
IR N° 033-14 CHOCÓ-Quibdó.pdf;2014;Quindío;reclutamiento forzado
IR N° 033-14 CHOCÓ-Quibdó.pdf;2014;Quindío;apoyo a actividades/bandas criminales
IR Nº 036-14 A.I. ARAUCA-Arauquita y Fortul.pdf;2014;Arauca;consumo de drogas
IR Nº 036-14 A.I. ARAUCA-Arauquita y Fortul.pdf;2014;Arauca;cuota familiar de reclutamiento
IR N° 002-15 ANTIOQUIA-Puerto Berrio.pdf;2015;Quindío;reclutamiento forzado
IR N° 003-15 CUNDINAMARCA-Paratebueno.pdf;2015;Cundinamarca;regalos o promesas o protección
IR N° 003-15 CUNDINAMARCA-Paratebueno.pdf;2015;Cundinamarca;presión
IR N° 006-15 Bogotá D.C..pdf;2015;Bogotá;apoyo a actividades/bandas criminales
IR N° 006-15 Bogotá D.C..pdf;2015;Bogotá;regalos o promesas o protección
IR N° 013-15 NORTE DE SANTANDER-Hacarí.pdf;2015;Norte de Santander;reclutamiento forzado
IR N° 013-15 NORTE DE SANTANDER-Hacarí.pdf;2015;Norte de Santander;regalos o promesas o protección
IR N° 013-15 NORTE DE SANTANDER-Hacarí.pdf;2015;Norte de Santander;persuación de incorporación voluntaria y adoctrinamiento
IR N° 017-15 TOLIMA-Ataco, Chaparral, Planadas y Rioblanco.pdf;2015;Tolima;presión
IR N° 018-15 BOLÍVAR-Cartagena.pdf;2015;Bolívar;penetración de centros educativos
IR N° 018-15 BOLÍVAR-Cartagena.pdf;2015;Bolívar;persuación de incorporación voluntaria y adoctrinamiento
IR N° 020-15 VAUPÉS-Carurú, Mitú, Pacoa, Papunahua, Taraira y Yavaraté.pdf;2015;Vaupés;presión
IR N° 024-15A.I. QUI-Génova y Pijao.pdf;2015;Quindío;consumo de drogas
IR N° 024-15A.I. QUI-Génova y Pijao.pdf;2015;Quindío;presión
IR N° 024-15A.I. QUI-Génova y Pijao.pdf;2015;Quindío;persuación de incorporación voluntaria y adoctrinamiento
IR N° 002-16 BOL-Cartagena.pdf;2016;Bolívar;regalos o promesas o protección
IR N° 007-16 ANT-El Bagre.pdf;2016;Antioquia;penetración de centros educativos
IR N° 007-16 ANT-El Bagre.pdf;2016;Antioquia;féminas como objetivo de reclutamiento/violencia
IR N° 008-16 PUT-Puerto Asís.pdf;2016;Putumayo;regalos o promesas o protección
IR N° 012-16 BOL-San Pablo.pdf;2016;Bolívar;regalos o promesas o protección
IR N° 015-16A.I. CHO-Bojayá, Medio Atrato y ANT-Vigia del Fuerte.pdf;2016;Chocó;regalos o promesas o protección
IR N° 017-16 CHO-Litoral del San Juan.pdf;2016;Chocó;actividades lúdicas y recreativas
IR N° 019-16A.I. MET-Puerto López y Puerto Gaitán.pdf;2016;Meta;féminas como objetivo de reclutamiento/violencia
IR N° 019-16A.I. MET-Puerto López y Puerto Gaitán.pdf;2016;Meta;presión
IR N° 020-16A.I. CHO-Bahía Solano, Juradó y Nuquí.pdf;2016;Chocó;apoyo a actividades/bandas criminales
IR N° 020-16A.I. CHO-Bahía Solano, Juradó y Nuquí.pdf;2016;Chocó;regalos o promesas o protección
IR N° 021-16 NSANT-Tibú.pdf;2016;Norte de Santander;reclutamiento forzado
IR N° 021-16 NSANT-Tibú.pdf;2016;Norte de Santander;apoyo a actividades/bandas criminales
IR N° 021-16 NSANT-Tibú.pdf;2016;Norte de Santander;féminas como objetivo de reclutamiento/violencia
IR N° 022-16 SANT-Cimitarra.pdf;2016;Antioquia;consumo de drogas
IR N° 022-16 SANT-Cimitarra.pdf;2016;Antioquia;regalos o promesas o protección
IR N° 022-16 SANT-Cimitarra.pdf;2016;Antioquia;presión
IR N° 025-16 BOL-Cartagena.pdf;2016;Bolívar;apoyo a actividades/bandas criminales
IR N° 025-16 BOL-Cartagena.pdf;2016;Bolívar;regalos o promesas o protección
IR N° 026-16 RIS-Pueblo Rico.pdf;2016;Risaralda;regalos o promesas o protección
IR N° 029-16A.I. ANT-Remedios y Segovia.pdf;2016;Antioquia;reclutamiento forzado
IR N° 029-16A.I. ANT-Remedios y Segovia.pdf;2016;Antioquia;presión
IR N° 029-16A.I. ANT-Remedios y Segovia.pdf;2016;Antioquia;persuación de incorporación voluntaria y adoctrinamiento
IR N° 032-16 RIS-Quinchía.pdf;2016;Risaralda;apoyo a actividades/bandas criminales
IR N° 032-16 RIS-Quinchía.pdf;2016;Risaralda;regalos o promesas o protección
IR N° 034-16A.I. NSAN -Bucarasica y Sardinata.pdf;2016;Norte de Santander;reclutamiento forzado
IR N° 034-16A.I. NSAN -Bucarasica y Sardinata.pdf;2016;Norte de Santander;féminas como objetivo de reclutamiento/violencia
IR N° 034-16A.I. NSAN -Bucarasica y Sardinata.pdf;2016;Norte de Santander;presión
IR N° 035-16 CES-Aguachica.pdf;2016;Cesar;consumo de drogas
IR N° 035-16 CES-Aguachica.pdf;2016;Cesar;regalos o promesas o protección
IR N° 035-16 CES-Aguachica.pdf;2016;Cesar;presión
IR N° 037-16 COR-Tierralta.pdf;2016;Córdoba;féminas como objetivo de reclutamiento/violencia
IR N° 037-16 COR-Tierralta.pdf;2016;Córdoba;vinculación sentimental/sexual
IR N° 002-17 BOY-Puerto Boyacá PERS.pdf;2017;Boyacá;consumo de drogas
IR N° 002-17 BOY-Puerto Boyacá PERS.pdf;2017;Boyacá;violencia
IR N° 002-17 BOY-Puerto Boyacá PERS.pdf;2017;Boyacá;presión
IR N° 002-17 BOY-Puerto Boyacá PERS.pdf;2017;Boyacá;persuación de incorporación voluntaria y adoctrinamiento
IR N° 006-17 VAL-El Dovio.pdf;2017;Valle del Cauca;consumo de drogas
IR N° 006-17 VAL-El Dovio.pdf;2017;Valle del Cauca;apoyo a actividades/bandas criminales
IR N° 006-17 VAL-El Dovio.pdf;2017;Valle del Cauca;regalos o promesas o protección
IR N° 007-17 A.I. PUT-San Miguel y Valle del Guamuez.pdf;2017;Putumayo;consumo de drogas
IR N° 007-17 A.I. PUT-San Miguel y Valle del Guamuez.pdf;2017;Putumayo;apoyo a actividades/bandas criminales
IR N° 008-17 CHO-Alto Baudó, Medio Baudó y Bajo Baudó.pdf;2017;Chocó;reclutamiento forzado
IR N° 015-17 CHO-Lloró.pdf;2017;Chocó;reclutamiento forzado
IR N° 022-17A.I. BOL-Achí, Montecristo y San Jacinto del Cauca.pdf;2017;Cauca;regalos o promesas o protección
IR N° 022-17A.I. BOL-Achí, Montecristo y San Jacinto del Cauca.pdf;2017;Cauca;persuación de incorporación voluntaria y adoctrinamiento
IR N° 022-17A.I. BOL-Achí, Montecristo y San Jacinto del Cauca.pdf;2017;Cauca;presión
IR N° 023-17 GUAV-Miraflores.pdf;2017;Guaviare;reclutamiento forzado
IR N° 025-17 A.I. GUAV-San Jose del Guavire MET-Mapiripan y Puerto Concordia.pdf;2017;Meta;reclutamiento forzado
IR N° 028-17 A.I. COR- Canalete, Los Córdobas, Puerto Escondido y Moñitos.pdf;2017;Córdoba;consumo de drogas
IR N° 029-17 COR-Tierralta.pdf;2017;Córdoba;reclutamiento forzado
IR N° 029-17 COR-Tierralta.pdf;2017;Córdoba;regalos o promesas o protección
IR N° 029-17 COR-Tierralta.pdf;2017;Córdoba;féminas como objetivo de reclutamiento/violencia
IR N° 031-17 CAL-La Dorada.pdf;2017;Caldas;apoyo a actividades/bandas criminales
IR N° 031-17 CAL-La Dorada.pdf;2017;Caldas;regalos o promesas o protección
IR N° 032-17 CAU-Jambaló, Toribío, Caldono.pdf;2017;Cauca;regalos o promesas o protección
IR N° 035-17 ANT-Apartadó.pdf;2017;Antioquia;reclutamiento forzado
IR N° 037-17 ANT-Ituango.pdf;2017;Antioquia;regalos o promesas o protección
IR N° 039-17 A.I. CUN-Cabrera Fusagasuga Pandi Pasca Silvania y Venecia.pdf;2017;Cundinamarca;apoyo a actividades/bandas criminales
IR N° 039-17 A.I. CUN-Cabrera Fusagasuga Pandi Pasca Silvania y Venecia.pdf;2017;Cundinamarca;regalos o promesas o protección
IR N° 041-17 ANT.pdf;2017;Antioquia;regalos o promesas o protección
IR N° 042-17A.I. SUC-Guaranda y Majagual.pdf;2017;Sucre;reclutamiento forzado
IR N° 042-17A.I. SUC-Guaranda y Majagual.pdf;2017;Sucre;regalos o promesas o protección
IR N° 042-17A.I. SUC-Guaranda y Majagual.pdf;2017;Sucre;presión
IR N° 042-17A.I. SUC-Guaranda y Majagual.pdf;2017;Sucre;vinculación sentimental/sexual
IR N° 046-17 VAL-Jamundí.pdf;2017;Valle del Cauca;violencia
IR N° 046-17 VAL-Jamundí.pdf;2017;Valle del Cauca;regalos o promesas o protección
IR N° 046-17 VAL-Jamundí.pdf;2017;Valle del Cauca;presión
IR N° 047-17 VAL-Buenaventura.pdf;2017;Valle del Cauca;presión
IR N° 048-17 A.I. MET, GUAI y VIC.pdf;2017;Meta;reclutamiento forzado
IR N° 048-17 A.I. MET, GUAI y VIC.pdf;2017;Meta;regalos o promesas o protección
IR N° 050-17 CAQ-Cartagena del Chairá.pdf;2017;Caquetá;reclutamiento forzado
IR N° 051-17 GUAV Calamar y El Retorno.pdf;2017;Guaviare;reclutamiento forzado
NS a IR N° 081-02 Medellín-ANTIOQUIA.pdf;2002;Quindío;cuota familiar de reclutamiento
NS a IR N° 081-02 Medellín-ANTIOQUIA.pdf;2002;Quindío;actividades lúdicas y recreativas
NS a IR N° 081-02 Medellín-ANTIOQUIA.pdf;2002;Quindío;presión
NS a IR N° 081-02 Medellín-ANTIOQUIA.pdf;2002;Quindío;persuación de incorporación voluntaria y adoctrinamiento
NS a AT N° 062-02 Soacha-CUNDINAMARCA ii.pdf;2003;Cundinamarca;reclutamiento forzado
NS a AT N° 062-02 Soacha-CUNDINAMARCA ii.pdf;2003;Cundinamarca;presión
NS a  AT N° 062-02 Soacha-CUNDINAMARCA v.pdf;2004;Cundinamarca;apoyo a actividades/bandas criminales
NS a  AT N° 062-02 Soacha-CUNDINAMARCA v.pdf;2004;Cundinamarca;regalos o promesas o protección
NS a  AT N° 062-02 Soacha-CUNDINAMARCA v.pdf;2004;Cundinamarca;violencia
NS a  AT N° 062-02 Soacha-CUNDINAMARCA v.pdf;2004;Cundinamarca;presión
NS a AT N° 059-02 Riosucio y Supia - CALDAS v.pdf;2004;Caldas;reclutamiento forzado
NS a AT N° 062-02 Soacha-CUNDINAMARCA iv.pdf;2004;Cundinamarca;reclutamiento forzado
NS a AT N° 062-02 Soacha-CUNDINAMARCA iv.pdf;2004;Cundinamarca;presión
NS a AT N° 062-02 Soacha-CUNDINAMARCA iv.pdf;2004;Cundinamarca;persuación de incorporación voluntaria y adoctrinamiento
NS a IR N° 020-04 Carmen de Atrato-CHOCO.pdf;2004;Chocó;presión
NS a IR N° 034-04 Florida y Pradera-VALLE DEL CAUCAii.pdf;2004;Valle del Cauca;persuación de incorporación voluntaria y adoctrinamiento
NS a IR N° 068 - 03 Bojayá-CHOCO ii.pdf;2004;Chocó;reclutamiento forzado
NS06-05 a IR N° 013-04 Ciudad Bolivar - BOGOTA.pdf;2005;Bolívar;presión
NS06-05 a IR N° 013-04 Ciudad Bolivar - BOGOTA.pdf;2005;Bolívar;persuación de incorporación voluntaria y adoctrinamiento
NS14-05 a IR N° 012-05 Arauca-ARAUCA.pdf;2005;Arauca;regalos o promesas o protección
NS19-06 a IR N° 053-05 Soacha-CUNDINAMARCA.pdf;2006;Cundinamarca;regalos o promesas o protección
NS19-06 a IR N° 053-05 Soacha-CUNDINAMARCA.pdf;2006;Cundinamarca;presión
NS N° 006-09 a IR Nº 037-04A.I Caldono, Jambalo, Silvia y Toribio-CAUCA.pdf;2009;Cauca;reclutamiento forzado
NS N° 006-09 a IR Nº 037-04A.I Caldono, Jambalo, Silvia y Toribio-CAUCA.pdf;2009;Cauca;regalos o promesas o protección
NS N° 006-09 a IR Nº 037-04A.I Caldono, Jambalo, Silvia y Toribio-CAUCA.pdf;2009;Cauca;penetración de centros educativos
NS N° 009-09 a IR N° 011-07A.I. Riosucio y Supia-CALDAS.pdf;2009;Caldas;penetración de centros educativos
NS N° 009-09 a IR N° 011-07A.I. Riosucio y Supia-CALDAS.pdf;2009;Caldas;regalos o promesas o protección
NS N° 009-09 a IR N° 011-07A.I. Riosucio y Supia-CALDAS.pdf;2009;Caldas;presión
NS N° 009-09 a IR N° 011-07A.I. Riosucio y Supia-CALDAS.pdf;2009;Caldas;persuación de incorporación voluntaria y adoctrinamiento
NS N° 010-09 a IR Nº 021-08A.I.BOGOTÁ D.C.pdf;2009;Bogotá;reclutamiento forzado
NS N° 011-09 a IR N° 032-07A.I. Puerto Lleras, Puerto Rico y Vista Hermosa- META.pdf;2009;Meta;reclutamiento forzado
NS N° 011-09 a IR N° 032-07A.I. Puerto Lleras, Puerto Rico y Vista Hermosa- META.pdf;2009;Meta;actividades lúdicas y recreativas
NS N° 014-09 a IR N° 006-08A.I El Tarra y Tibú-NORTE DE SANTANDER.pdf;2009;Norte de Santander;reclutamiento forzado
NS N° 015-09 a IR N° 055-05 Balboa-CAUCA.pdf;2009;Cauca;reclutamiento forzado
NS N° 017-09 A IR N° 028-07A.I Florencia,Milán y Solano-CAQUETÁ.pdf;2009;Caquetá;regalos o promesas o protección
NS N° 018-09 a IR Nº 039-06 Chaparral-TOLIMA.pdf;2009;Tolima;relaciones familiares y de parentezco
NS N° 019-09 a IR N° 015-07 A.I San Pablo, Santa Rosa del  Sur y Simití-BOLIVAR.pdf;2009;Bolívar;regalos o promesas o protección
NS N° 020-09 a IR N° 015-05 A.I. El Tambo y Argelia-CAUCA.pdf;2009;Cauca;penetración de centros educativos
NS N° 023-09 a IR N° 034-07 Ocaña-NORTE DE SANTANDER.pdf;2009;Norte de Santander;apoyo a actividades/bandas criminales
NS N° 024-09 a IR N° 027-07A.I Mapiripan, Puerto Condordia-META y San José del Guaviare-GUAVIARE.pdf;2009;Meta;reclutamiento forzado
NS N° 025-09 a IR N° 002-09 Maicao-LA GUAJIRA.pdf;2009;La Guajira;reclutamiento forzado
NS N° 026-09 a IR N° 002-08 Miraflores-GUAVIARE.pdf;2009;Guaviare;reclutamiento forzado
NS N° 026-09 a IR N° 002-08 Miraflores-GUAVIARE.pdf;2009;Guaviare;presión
NS N° 027-09 a IR N° 028-08 Arauquita-ARAUCA.pdf;2009;Arauca;reclutamiento forzado
NS N° 029-09 a IR N° 034-06 Buenos Aires-CAUCA.pdf;2009;Cauca;persuación de incorporación voluntaria y adoctrinamiento
NS N° 031-09 a IR Nº 020-08 A.I. Arauca, Arauquita, Fortul, Saravena y Tame-ARAUCA.pdf;2009;Arauca;apoyo a actividades/bandas criminales
NS N° 032-09 a IR N° 018-06 Piamonte-CAUCA.pdf;2009;Cauca;reclutamiento forzado
NS N° 034-09 a IR N° 032-08 Buenaventura-VALLE DEL CAUCA.pdf;2009;Valle del Cauca;apoyo a actividades/bandas criminales
NS N° 002-10 a IR N° 009-09  Santa Marta-MAGDALENA.pdf;2010;Magdalena;regalos o promesas o protección
NS N° 003-10 a IR Nº 001-09 A.I Cartagena, Turbaco y Arjona-BOLIVAR.pdf;2010;Bolívar;regalos o promesas o protección
NS N° 003-10 a IR Nº 001-09 A.I Cartagena, Turbaco y Arjona-BOLIVAR.pdf;2010;Bolívar;presión
NS N° 004-10 a IR Nº 004-09 A.I Valledupar y Pueblo Bello - CESAR.pdf;2010;Cesar;reclutamiento forzado
NS N° 004-10 a IR Nº 004-09 A.I Valledupar y Pueblo Bello - CESAR.pdf;2010;Cesar;persuación de incorporación voluntaria y adoctrinamiento
NS N° 005-10 a IR N° 012-08 A.I Albania, Belén de los Andaquíes, San José del Fragua y Valaparaíso-CAQUETÁ.pdf;2010;Caquetá;reclutamiento forzado
NS N° 005-10 a IR N° 012-08 A.I Albania, Belén de los Andaquíes, San José del Fragua y Valaparaíso-CAQUETÁ.pdf;2010;Caquetá;regalos o promesas o protección
NS N° 007-10 a IR N° 007-09 Tame-ARAUCA.pdf;2010;Arauca;reclutamiento forzado
NS N° 010-10 a IR Nº 037-04 A.I Jambaló, Toribio, Silvia y Caldono-CAUCA.pdf;2010;Cauca;regalos o promesas o protección
NS N° 012-10 a IR Nº 055-05 Balboa-CAUCA.pdf;2010;Cauca;reclutamiento forzado
NS N° 014-10 a IR Nº 018-09 Saravena-ARAUCA.pdf;2010;Arauca;presión
NS N° 015-10 a IR N° 011-09A.I. Alto Baudó, Medio Baudó y Bajo Baudó-CHOCÓ.pdf;2010;Chocó;reclutamiento forzado
NS N° 016-10 a 032-07A.I. Vista Hermosa, Puerto Rico y Puerto Lleras-META.pdf;2010;Meta;reclutamiento forzado
NS N° 016-10 a 032-07A.I. Vista Hermosa, Puerto Rico y Puerto Lleras-META.pdf;2010;Meta;regalos o promesas o protección
NS N° 016-10 a 032-07A.I. Vista Hermosa, Puerto Rico y Puerto Lleras-META.pdf;2010;Meta;presión
NS N° 017-10 a IR N° 002-09 Maicao-LA GUAJIRA.pdf;2010;La Guajira;reclutamiento forzado
NS N° 017-10 a IR N° 002-09 Maicao-LA GUAJIRA.pdf;2010;La Guajira;regalos o promesas o protección
NS N° 018-10 a IR N° 022-09 Tierralta-CORDOBA.pdf;2010;Córdoba;apoyo a actividades/bandas criminales
NS N° 018-10 a IR N° 022-09 Tierralta-CORDOBA.pdf;2010;Córdoba;presión
NS N° 019-10 a IR Nº 028-07A.I. Solano, Milán y Florecia-CAQUETÁ.pdf;2010;Caquetá;presión
NS N° 020-10 a IR Nº 014-09A.I. Olaya Herrera, La Tola, El Charco e Iscuandé-NARIÑO.pdf;2010;Nariño;reclutamiento forzado
NS N° 020-10 a IR Nº 014-09A.I. Olaya Herrera, La Tola, El Charco e Iscuandé-NARIÑO.pdf;2010;Nariño;presión
NS N° 021-10 a IR N° 024-08A.I. Cumbitara, El Rosario, Leiva, La Llanada, Los Andes, Policarpa, Samaniego y Santacruz-NARIÑO.pdf;2010;Nariño;reclutamiento forzado
NS N° 021-10 a IR N° 024-08A.I. Cumbitara, El Rosario, Leiva, La Llanada, Los Andes, Policarpa, Samaniego y Santacruz-NARIÑO.pdf;2010;Nariño;regalos o promesas o protección
NS N° 021-10 a IR N° 024-08A.I. Cumbitara, El Rosario, Leiva, La Llanada, Los Andes, Policarpa, Samaniego y Santacruz-NARIÑO.pdf;2010;Nariño;persuación de incorporación voluntaria y adoctrinamiento
NS N° 021-10 a IR N° 024-08A.I. Cumbitara, El Rosario, Leiva, La Llanada, Los Andes, Policarpa, Samaniego y Santacruz-NARIÑO.pdf;2010;Nariño;presión
NS N° 023-10 a IR N° 017-09 A.I. Riohacha y Dibulla-LA GUAJIRA.pdf;2010;La Guajira;regalos o promesas o protección
NS N° 023-10 a IR N° 017-09 A.I. Riohacha y Dibulla-LA GUAJIRA.pdf;2010;La Guajira;féminas como objetivo de reclutamiento/violencia
NS N° 023-10 a IR N° 017-09 A.I. Riohacha y Dibulla-LA GUAJIRA.pdf;2010;La Guajira;persuación de incorporación voluntaria y adoctrinamiento
NS N° 023-10 a IR N° 017-09 A.I. Riohacha y Dibulla-LA GUAJIRA.pdf;2010;La Guajira;presión
NS N° 024-10 a IR N° 020-08A.I. Arauca, Arauquita, Fortul, Saravena y Tame-ARAUCA.pdf;2010;Arauca;vinculación sentimental/sexual
NS N° 025-10 a IR N° 021-09 El Dovio-VALLE DEL CAUCA.pdf;2010;Valle del Cauca;regalos o promesas o protección
NS N° 025-10 a IR N° 021-09 El Dovio-VALLE DEL CAUCA.pdf;2010;Valle del Cauca;vinculación sentimental/sexual
NS N° 028-10 a IR N° 002-10 Tulua-VALLE DEL CAUCA.pdf;2010;Valle del Cauca;persuación de incorporación voluntaria y adoctrinamiento
NS N° 029-10 a IR N° 027-07A.I. GUAVIARE-San José del Guaviare META- Mapiripan y Puerto Concordia.pdf;2010;Meta;apoyo a actividades/bandas criminales
NS N° 029-10 a IR N° 027-07A.I. GUAVIARE-San José del Guaviare META- Mapiripan y Puerto Concordia.pdf;2010;Meta;regalos o promesas o protección
NS N° 029-10 a IR N° 027-07A.I. GUAVIARE-San José del Guaviare META- Mapiripan y Puerto Concordia.pdf;2010;Meta;presión
NS N° 001-11 a IR N° 004-09 A.I. Valledupar y Pueblo Bello-CESAR.pdf;2011;Cesar;apoyo a actividades/bandas criminales
NS N° 002-11 a IR Nº 006-08 A.I. Tibú y El Tarra-NORTE DE SANTANDER.pdf;2011;Norte de Santander;regalos o promesas o protección
NS N° 002-11 a IR Nº 006-08 A.I. Tibú y El Tarra-NORTE DE SANTANDER.pdf;2011;Norte de Santander;presión
NS N° 003-11 a IR Nº 001-10 Caloto-CAUCA.pdf;2011;Cauca;reclutamiento forzado
NS N° 004-11 A IR N° 020-08 A.I. Arauca, Arauquita, Fortul, Saravena y Tame-ARAUCA.pdf;2011;Arauca;apoyo a actividades/bandas criminales
NS N° 004-11 A IR N° 020-08 A.I. Arauca, Arauquita, Fortul, Saravena y Tame-ARAUCA.pdf;2011;Arauca;vinculación sentimental/sexual
NS N° 006-11 a IR N° 006-10 Villavicencio-META.pdf;2011;Meta;reclutamiento forzado
NS N° 008-11 a IR N° 029-09 Coveñas, San Onofre y Tolu-SUCRE.pdf;2011;Sucre;apoyo a actividades/bandas criminales
NS N° 008-11 a IR N° 029-09 Coveñas, San Onofre y Tolu-SUCRE.pdf;2011;Sucre;regalos o promesas o protección
NS N° 010-11 a IR N° 014-09A.I. El Charco, La Tola, Olaya Herrera y Santa Barbara-NARIÑO.pdf;2011;Nariño;reclutamiento forzado
NS N° 010-11 a IR N° 014-09A.I. El Charco, La Tola, Olaya Herrera y Santa Barbara-NARIÑO.pdf;2011;Nariño;apoyo a actividades/bandas criminales
NS N° 011-11  a IR N° 006-06A Montelibano y Puerto Libertador-CORDOBA.pdf;2011;Córdoba;presión
NS N° 012-11 a IR 032-07A.I Puerto Lleras, Puerto Rico y Vistahermosa-META.pdf;2011;Meta;reclutamiento forzado
NS N° 013-11 a IR 027-08A.I Barranquilla, Galapa, Malambo, Puerto Colombia y Soledad-ATLÁNTICO.pdf;2011;Atlántico;apoyo a actividades/bandas criminales
NS N° 014-11 a IR N° 015-08 Corinto-CAUCA.pdf;2011;Cauca;reclutamiento forzado
NS N° 014-11 a IR N° 015-08 Corinto-CAUCA.pdf;2011;Cauca;persuación de incorporación voluntaria y adoctrinamiento
NS N° 015-11 a IR N° 004-08A.I. El Doncello, El Paujil, Puerto Rico y San Vicente del Caguán-CAQUETÁ.pdf;2011;Caquetá;reclutamiento forzado
NS N° 015-11 a IR N° 004-08A.I. El Doncello, El Paujil, Puerto Rico y San Vicente del Caguán-CAQUETÁ.pdf;2011;Caquetá;regalos o promesas o protección
NS N° 016-11 a IR N° 032-08 Buenaventura-VALLE DEL CAUCA.pdf;2011;Valle del Cauca;reclutamiento forzado
NS N° 016-11 a IR N° 032-08 Buenaventura-VALLE DEL CAUCA.pdf;2011;Valle del Cauca;regalos o promesas o protección
NS N° 016-11 a IR N° 032-08 Buenaventura-VALLE DEL CAUCA.pdf;2011;Valle del Cauca;presión
NS N° 018-11 a IR N° 021-09 El Dovio-VALLE DEL CAUCA.pdf;2011;Valle del Cauca;vinculación sentimental/sexual
NS N° 018-11 a IR N° 021-09 El Dovio-VALLE DEL CAUCA.pdf;2011;Valle del Cauca;regalos o promesas o protección
NS N° 018-11 a IR N° 021-09 El Dovio-VALLE DEL CAUCA.pdf;2011;Valle del Cauca;presión
NS N° 019-11 a IR N° 017-10 A.I. Guapi, López de Micay y Timbiqui-CAUCA.pdf;2011;Quindío;regalos o promesas o protección
NS N° 021-11 a IR Nº 022-09 Tierralta-CÓRDOBA.pdf;2011;Córdoba;reclutamiento forzado
NS N° 021-11 a IR Nº 022-09 Tierralta-CÓRDOBA.pdf;2011;Córdoba;regalos o promesas o protección
NS N° 022-11 a IR N° 007-09 Tame-ARAUCA.pdf;2011;Arauca;regalos o promesas o protección
NS N° 024-11 A IR N° 002-10 Tulua-VALLE DEL CAUCA.pdf;2011;Valle del Cauca;apoyo a actividades/bandas criminales
NS N° 024-11 A IR N° 002-10 Tulua-VALLE DEL CAUCA.pdf;2011;Valle del Cauca;regalos o promesas o protección
NS N° 025-11 a IR N° 028-07A.I. Florencia, Milán y Solano-CAQUETÁ.pdf;2011;Caquetá;cuota familiar de reclutamiento
NS N° 025-11 a IR N° 028-07A.I. Florencia, Milán y Solano-CAQUETÁ.pdf;2011;Caquetá;regalos o promesas o protección
NS N° 025-11 a IR N° 028-07A.I. Florencia, Milán y Solano-CAQUETÁ.pdf;2011;Caquetá;persuación de incorporación voluntaria y adoctrinamiento
NS N° 025-11 a IR N° 028-07A.I. Florencia, Milán y Solano-CAQUETÁ.pdf;2011;Caquetá;presión
NS N° 027-11 a IR Nº 037-04 Caldono, Jambaló, Silvia  y Toribio-CAUCA.pdf;2011;Cauca;reclutamiento forzado
NS N° 028-11 a IR N° 012-08A.I Albania, Belén de los Andaquíes, San José del Fragua y Valaparaiso-CAQUETÁ.pdf;2011;Caquetá;reclutamiento forzado
NS N° 028-11 a IR N° 012-08A.I Albania, Belén de los Andaquíes, San José del Fragua y Valaparaiso-CAQUETÁ.pdf;2011;Caquetá;regalos o promesas o protección
NS N° 028-11 a IR N° 012-08A.I Albania, Belén de los Andaquíes, San José del Fragua y Valaparaiso-CAQUETÁ.pdf;2011;Caquetá;féminas como objetivo de reclutamiento/violencia
NS N° 030-11 a IR N° 004-11 Soacha-CUNDINAMARCA.pdf;2011;Cundinamarca;regalos o promesas o protección
NS N° 001-12 a IR N° 027-07A.I. GUAVIARE-San José del Guaviare META- Mapiripan y Puerto Concordia.pdf;2012;Meta;reclutamiento forzado
NS N° 004-12 a IR N° 015-10A.I. Bojayá y Medio Atrato-CHOCÓ Vigia del Fuerte-ANTIOQUIA.pdf;2012;Quindío;actividades lúdicas y recreativas
NS N° 004-12 a IR N° 015-10A.I. Bojayá y Medio Atrato-CHOCÓ Vigia del Fuerte-ANTIOQUIA.pdf;2012;Quindío;persuación de incorporación voluntaria y adoctrinamiento
NS N° 004-12 a IR N° 015-10A.I. Bojayá y Medio Atrato-CHOCÓ Vigia del Fuerte-ANTIOQUIA.pdf;2012;Quindío;presión
NS N° 005-12 a IR N° 018-10 Cumaribo-VICHADA.pdf;2012;Vichada;penetración de centros educativos
NS N° 006-12 a IR N° 011-10A.I. Lorica, Moñitos, San Antero y San Bernardo del Viento-CÓRDOBA.pdf;2012;Córdoba;regalos o promesas o protección
NS N° 007-12 a IR Nº 028-09A.I EL Castillo, Lejanías, Mesetas y Uribe-META.pdf;2012;Meta;penetración de centros educativos
NS N° 007-12 a IR Nº 028-09A.I EL Castillo, Lejanías, Mesetas y Uribe-META.pdf;2012;Meta;persuación de incorporación voluntaria y adoctrinamiento
NS N° 010-12 a IR Nº Ayapel, Buenavista, La Apartada, Planeta Rica y Pueblo Nuevo-CORDOBA.pdf;2012;Córdoba;regalos o promesas o protección
NS N° 010-12 a IR Nº Ayapel, Buenavista, La Apartada, Planeta Rica y Pueblo Nuevo-CORDOBA.pdf;2012;Córdoba;presión
NS N° 011-12 a IR N° 016-11 Norosi,Tiquisio y Arenal-BOLIVAR.pdf;2012;Bolívar;regalos o promesas o protección
NS N° 011-12 a IR N° 016-11 Norosi,Tiquisio y Arenal-BOLIVAR.pdf;2012;Bolívar;féminas como objetivo de reclutamiento/violencia
NS N° 012-12 a IR N° 032-08 Buenaventura-VALLE DEL CAUCA.pdf;2012;Valle del Cauca;féminas como objetivo de reclutamiento/violencia
NS N° 012-12 a IR N° 032-08 Buenaventura-VALLE DEL CAUCA.pdf;2012;Valle del Cauca;vinculación sentimental/sexual
NS N° 012-12 a IR N° 032-08 Buenaventura-VALLE DEL CAUCA.pdf;2012;Valle del Cauca;apoyo a actividades/bandas criminales
NS N° 012-12 a IR N° 032-08 Buenaventura-VALLE DEL CAUCA.pdf;2012;Valle del Cauca;persuación de incorporación voluntaria y adoctrinamiento
NS N° 012-12 a IR N° 032-08 Buenaventura-VALLE DEL CAUCA.pdf;2012;Valle del Cauca;presión
NS N° 014-12 a IR N° 018-10 Cumaribo-VICHADA.pdf;2012;Vichada;vinculación sentimental/sexual
NS N° 014-12 a IR N° 018-10 Cumaribo-VICHADA.pdf;2012;Vichada;penetración de centros educativos
NS N° 014-12 a IR N° 018-10 Cumaribo-VICHADA.pdf;2012;Vichada;persuación de incorporación voluntaria y adoctrinamiento
NS N° 015-12 a IR N° 010-11 A.I. Acandi y Unguia-CHOCÓ.pdf;2012;Chocó;apoyo a actividades/bandas criminales
NS N° 015-12 a IR N° 010-11 A.I. Acandi y Unguia-CHOCÓ.pdf;2012;Chocó;regalos o promesas o protección
NS N° 016-12 a IR N° 014-09 A.I. El Charco, La Tola, Olaya Herrera y Santa Barbara-NARIÑO.pdf;2012;Nariño;persuación de incorporación voluntaria y adoctrinamiento
NS N° 016-12 a IR N° 014-09 A.I. El Charco, La Tola, Olaya Herrera y Santa Barbara-NARIÑO.pdf;2012;Nariño;presión
NS N° 016-12 a IR N° 014-09 A.I. El Charco, La Tola, Olaya Herrera y Santa Barbara-NARIÑO.pdf;2012;Nariño;reclutamiento forzado
NS N° 016-12 a IR N° 014-09 A.I. El Charco, La Tola, Olaya Herrera y Santa Barbara-NARIÑO.pdf;2012;Nariño;violencia
NS N° 016-12 a IR N° 014-09 A.I. El Charco, La Tola, Olaya Herrera y Santa Barbara-NARIÑO.pdf;2012;Nariño;regalos o promesas o protección
NS N° 017-12 a IR N° 019-10A.I. Istmina, Medio San Juan y Sipi-CHOCÓ.pdf;2012;Chocó;regalos o promesas o protección
NS N° 017-12 a IR N° 019-10A.I. Istmina, Medio San Juan y Sipi-CHOCÓ.pdf;2012;Chocó;presión
NS N° 017-12 a IR N° 019-10A.I. Istmina, Medio San Juan y Sipi-CHOCÓ.pdf;2012;Chocó;vinculación sentimental/sexual
NS N° 018-12 a IR N° 031-09 A.I. Carmen del Darien y Riosucio-CHOCÓ.pdf;2012;Chocó;reclutamiento forzado
NS N° 018-12 a IR N° 031-09 A.I. Carmen del Darien y Riosucio-CHOCÓ.pdf;2012;Chocó;violencia
NS N° 019-12 a IR N° 021-09 El Dovio-VALLE DEL CAUCA.pdf;2012;Valle del Cauca;regalos o promesas o protección
NS N° 019-12 a IR N° 021-09 El Dovio-VALLE DEL CAUCA.pdf;2012;Valle del Cauca;féminas como objetivo de reclutamiento/violencia
NS N° 019-12 a IR N° 021-09 El Dovio-VALLE DEL CAUCA.pdf;2012;Valle del Cauca;persuación de incorporación voluntaria y adoctrinamiento
NS N° 023-12 A IR N° 004-11 Soacha-CUNDINAMARCA.pdf;2012;Cundinamarca;reclutamiento forzado
NS N° 023-12 A IR N° 004-11 Soacha-CUNDINAMARCA.pdf;2012;Cundinamarca;violencia
NS N° 023-12 A IR N° 004-11 Soacha-CUNDINAMARCA.pdf;2012;Cundinamarca;penetración de centros educativos
NS N° 001-13 A IR N° 027-07 Mapiripan y Puerto Concordia-META- San Jose del Guaviare-GUAVIARE.pdf;2013;Meta;persuación de incorporación voluntaria y adoctrinamiento
NS N° 001-13 A IR N° 027-07 Mapiripan y Puerto Concordia-META- San Jose del Guaviare-GUAVIARE.pdf;2013;Meta;presión
NS N° 002-13 A IR N° 004-12 A.I. El Tarra, San Calixto, Teorama-NORTE DE SANTANDER.pdf;2013;Norte de Santander;penetración de centros educativos
NS N° 003-13 A IR N° 022-09 Tierralta - CÓRDOBA.pdf;2013;Córdoba;regalos o promesas o protección
NS N° 004-13 A IR N° 021-12 Barrancabermeja-SANTANDER.pdf;2013;Antioquia;reclutamiento forzado
NS N° 005-13 A IR N° 032-08 Buenaventura - VALLE DEL CAUCA.pdf;2013;Valle del Cauca;cuota familiar de reclutamiento
NS N° 005-13 A IR N° 032-08 Buenaventura - VALLE DEL CAUCA.pdf;2013;Valle del Cauca;presión
NS N° 007-13 a IR N° 004-11 Soacha-CUNDINAMARCA.pdf;2013;Cundinamarca;reclutamiento forzado
NS N° 007-13 a IR N° 004-11 Soacha-CUNDINAMARCA.pdf;2013;Cundinamarca;regalos o promesas o protección
NS N° 008-13 a IR N° 005-12A.I. Armenia, Calarcá, Circasia, Montenegro, Quimbaya y La Tebaida-QUINDÍO.pdf;2013;Quindío;apoyo a actividades/bandas criminales
NS N° 008-13 a IR N° 005-12A.I. Armenia, Calarcá, Circasia, Montenegro, Quimbaya y La Tebaida-QUINDÍO.pdf;2013;Quindío;presión
NS N° 009-13 a IR N° 004-08A.I. El Doncello, El Paujíl, Puerto Rico y San Vicente del Caguan-CAQUETÁ.pdf;2013;Caquetá;reclutamiento forzado
NS N° 009-13 a IR N° 004-08A.I. El Doncello, El Paujíl, Puerto Rico y San Vicente del Caguan-CAQUETÁ.pdf;2013;Caquetá;persuación de incorporación voluntaria y adoctrinamiento
NS N° 010-13 a IR N° 020-11 A.I. Cravo Norte y Puerto Rondón-ARAUCA.pdf;2013;Arauca;apoyo a actividades/bandas criminales
NS N° 010-13 a IR N° 020-11 A.I. Cravo Norte y Puerto Rondón-ARAUCA.pdf;2013;Arauca;féminas como objetivo de reclutamiento/violencia
NS N° 011-13 a IR N° 008-12 A.I. San Pablo, Santa Rosa del Sur y Simití-BOLIVAR.pdf;2013;Bolívar;presión
NS N° 012-13 a IR N° 006-12A.I. Puerto Gaitán y Puerto López -META.pdf;2013;Meta;reclutamiento forzado
NS N° 013-13 a IR N° 012-12A.I. Calamar y El Retorno - GUAVIARE.pdf;2013;Guaviare;cuota familiar de reclutamiento
NS N° 013-13 a IR N° 012-12A.I. Calamar y El Retorno - GUAVIARE.pdf;2013;Guaviare;regalos o promesas o protección
NS N° 015-13 a IR N° 013-12 Montañita-CAQUETÁ.pdf;2013;Caquetá;penetración de centros educativos
NS N° 015-13 a IR N° 013-12 Montañita-CAQUETÁ.pdf;2013;Caquetá;regalos o promesas o protección
NS N° 015-13 a IR N° 013-12 Montañita-CAQUETÁ.pdf;2013;Caquetá;persuación de incorporación voluntaria y adoctrinamiento
NS N° 015-13 a IR N° 013-12 Montañita-CAQUETÁ.pdf;2013;Caquetá;presión
NS N° 016-13 a IR N° 007-09 Tame-ARAUCA.pdf;2013;Arauca;reclutamiento forzado
NS N° 001-14 a IR N° 032-08 Buenaventura-VALLE DEL CAUCA.pdf;2014;Valle del Cauca;regalos o promesas o protección
NS N° 002-14 a IR N° 027-07A.I. Mapiripan y Puerto Concordia-META - San José del Guaviare-GUAVIARE.pdf;2014;Meta;reclutamiento forzado
NS N° 004-14 a IR N° 016-11A.I. Arenal, Norosí y Tiquisio-BOLIVAR.pdf;2014;Bolívar;regalos o promesas o protección
NS N° 005-14 A IR N° 020-12 A.I. San José de Cúcuta, Villa del Rosario, Los Patios, El Zulia y Puerto Santander-CÚCUTA.pdf;2014;Santander;reclutamiento forzado
NS N° 005-14 A IR N° 020-12 A.I. San José de Cúcuta, Villa del Rosario, Los Patios, El Zulia y Puerto Santander-CÚCUTA.pdf;2014;Santander;penetración de centros educativos
NS N° 006-14 A IR N° 031-12 Saravena-ARAUCA.pdf;2014;Arauca;regalos o promesas o protección
NS N° 008-14 a IR N° 011-09 A.I. Alto Baudó, Medio Baudó y Bajo Baudó-CHOCÓ.pdf;2014;Chocó;cuota familiar de reclutamiento
NS N° 008-14 a IR N° 011-09 A.I. Alto Baudó, Medio Baudó y Bajo Baudó-CHOCÓ.pdf;2014;Chocó;reclutamiento forzado
NS N° 009-14 a IR N° 021-12 Barrancabermeja-SANTANDER.pdf;2014;Antioquia;regalos o promesas o protección
NS N° 009-14 a IR N° 021-12 Barrancabermeja-SANTANDER.pdf;2014;Antioquia;féminas como objetivo de reclutamiento/violencia
NS N° 010-14 a IR N° 007-13 Bogotá D.C..pdf;2014;Bogotá;presión
NS N° 013-14 a IR Nº 029-07 Barbacoas, Magui Payán y Roberto Payan-NARIÑO.pdf;2014;Nariño;apoyo a actividades/bandas criminales
NS N° 014-14 a IR N° 012-12 A.I. Calamar y El Retorno-GUAVIARE.pdf;2014;Guaviare;reclutamiento forzado
NS N° 014-14 a IR N° 012-12 A.I. Calamar y El Retorno-GUAVIARE.pdf;2014;Guaviare;regalos o promesas o protección
NS N° 014-14 a IR N° 012-12 A.I. Calamar y El Retorno-GUAVIARE.pdf;2014;Guaviare;vinculación sentimental/sexual
NS N° 016-14 a IR N° 037-04 A.I. Caldono, Jambaló, Silvia y Toribio-CAUCA.pdf;2014;Cauca;regalos o promesas o protección
NS N° 016-14 a IR N° 037-04 A.I. Caldono, Jambaló, Silvia y Toribio-CAUCA.pdf;2014;Cauca;persuación de incorporación voluntaria y adoctrinamiento
NS N° 016-14 a IR N° 037-04 A.I. Caldono, Jambaló, Silvia y Toribio-CAUCA.pdf;2014;Cauca;vinculación sentimental/sexual
NS N° 017-14 a IR N° 024-13 Campoalegre-HUILA.pdf;2014;Huila;presión
NS N° 018-14 a IR N° 016-13 Cubará-BOYACÁ.pdf;2014;Boyacá;reclutamiento forzado
NS N° 018-14 a IR N° 016-13 Cubará-BOYACÁ.pdf;2014;Boyacá;presión
NS N° 019-14 a IR N° 005-12 A.I. QUINDÍO.pdf;2014;Quindío;reclutamiento forzado
NS N° 019-14 a IR N° 005-12 A.I. QUINDÍO.pdf;2014;Quindío;regalos o promesas o protección
NS N° 019-14 a IR N° 005-12 A.I. QUINDÍO.pdf;2014;Quindío;féminas como objetivo de reclutamiento/violencia
NS N° 001-15 a IR N° 031-09AI Carmen del Darien y Riosucio-CHOCÓ.pdf;2015;Chocó;presión
NS N° 001-15 a IR N° 031-09AI Carmen del Darien y Riosucio-CHOCÓ.pdf;2015;Chocó;persuación de incorporación voluntaria y adoctrinamiento
NS N° 004-15 a IR N° 007-09 Tame-ARAUCA.pdf;2015;Arauca;persuación de incorporación voluntaria y adoctrinamiento
NS N° 004-15 a IR N° 007-09 Tame-ARAUCA.pdf;2015;Arauca;presión
NS N° 007-15 a IR N° 008-12A.I. Santa Rosa, San Pablo y Simití -BOLÍVAR.pdf;2015;Bolívar;reclutamiento forzado
NS N° 008-15 a IR N° 031-13 Tulua-VALLE DEL CAUCA.pdf;2015;Valle del Cauca;consumo de drogas
NS N° 008-15 a IR N° 031-13 Tulua-VALLE DEL CAUCA.pdf;2015;Valle del Cauca;violencia
NS N° 012-15 a IR N° 040-13A.I. La Salina y Sacama-CASANARE.pdf;2015;Nariño;reclutamiento forzado
NS N° 017-15 a IR N° 026-13 Trujillo-VALLE DEL CAUCA.pdf;2015;Valle del Cauca;reclutamiento forzado
NS N° 017-15 a IR N° 026-13 Trujillo-VALLE DEL CAUCA.pdf;2015;Valle del Cauca;regalos o promesas o protección
NS N° 020-15 a IR N° 014-09 Olaya Herrera, El Charco, La Tola, Iscuande-NARIÑO.pdf;2015;Nariño;apoyo a actividades/bandas criminales
NS N° 021-15 a IR N° 031-12 Saravena-ARAUCA.pdf;2015;Arauca;reclutamiento forzado
NS N° 021-15 a IR N° 031-12 Saravena-ARAUCA.pdf;2015;Arauca;regalos o promesas o protección
NS N° 021-15 a IR N° 031-12 Saravena-ARAUCA.pdf;2015;Arauca;presión
NS N° 022-15 a IR N° 019-14 La Unión-VALLE DEL CAUCA.pdf;2015;Valle del Cauca;regalos o promesas o protección
NS N° 022-15 a IR N° 019-14 La Unión-VALLE DEL CAUCA.pdf;2015;Valle del Cauca;féminas como objetivo de reclutamiento/violencia
NS N° 024-15 a IR N° 029-07A.I. Barbacoas, Maguí-Payán y Roberto Payán-NAR.pdf;2015;Nariño;regalos o promesas o protección
NS N° 024-15 a IR N° 029-07A.I. Barbacoas, Maguí-Payán y Roberto Payán-NAR.pdf;2015;Nariño;persuación de incorporación voluntaria y adoctrinamiento
NS N° 002-16 a IR N° 033-14 Quibdó-CHO-.pdf;2016;Chocó;apoyo a actividades/bandas criminales
NS N° 004-16 a IR N° 027-07A.I. Mapiripan y Puerto Concordia-MET San José del Guaviare-GUAV.pdf;2016;Meta;reclutamiento forzado
NS N° 005-16 a IR N° 015-13A.I. Puerto Libertador y Montelíbano-COR.pdf;2016;Córdoba;apoyo a actividades/bandas criminales
NS N° 005-16 a IR N° 015-13A.I. Puerto Libertador y Montelíbano-COR.pdf;2016;Córdoba;regalos o promesas o protección
NS N° 006-16 a IR N° 020-12 Cúcuta, El Zulia, Los Patios, Puerto Santander y Villa del Rosario-NSANT.pdf;2016;Norte de Santander;apoyo a actividades/bandas criminales
NS N° 006-16 a IR N° 020-12 Cúcuta, El Zulia, Los Patios, Puerto Santander y Villa del Rosario-NSANT.pdf;2016;Norte de Santander;regalos o promesas o protección
NS N° 006-16 a IR N° 020-12 Cúcuta, El Zulia, Los Patios, Puerto Santander y Villa del Rosario-NSANT.pdf;2016;Norte de Santander;presión
NS N° 010-16 a IR N° 032-14A.I. Riosucio y Supía-CAL.pdf;2016;Caldas;reclutamiento forzado
NS N° 010-16 a IR N° 032-14A.I. Riosucio y Supía-CAL.pdf;2016;Caldas;persuación de incorporación voluntaria y adoctrinamiento
NS N° 010-16 a IR N° 032-14A.I. Riosucio y Supía-CAL.pdf;2016;Caldas;féminas como objetivo de reclutamiento/violencia
NS N° 010-16 a IR N° 032-14A.I. Riosucio y Supía-CAL.pdf;2016;Caldas;presión
NS N° 011-16 a IR N° 032-08 Buenaventura-VAL.pdf;2016;Valle del Cauca;cuota familiar de reclutamiento
NS N° 011-16 a IR N° 032-08 Buenaventura-VAL.pdf;2016;Valle del Cauca;regalos o promesas o protección
NS N° 011-16 a IR N° 032-08 Buenaventura-VAL.pdf;2016;Valle del Cauca;presión
NS N° 012-16 a IR N° 031-13 Tuluá-VAL.pdf;2016;Valle del Cauca;apoyo a actividades/bandas criminales
NS N° 015-16 a IR N° 027-12A.I. Francisco Pizarro, Mosquera y Tumaco-NAR.pdf;2016;Nariño;féminas como objetivo de reclutamiento/violencia
NS N° 002-17 a IR N° 006-15 Bogota.pdf;2017;Bogotá;apoyo a actividades/bandas criminales
NS N° 002-17 a IR N° 006-15 Bogota.pdf;2017;Bogotá;regalos o promesas o protección
NS N° 002-17 a IR N° 006-15 Bogota.pdf;2017;Bogotá;presión
NS N° 004-17 a IR N° 031-09A.I. Carmen del Darien y Riosucio-CHO.pdf;2017;Chocó;regalos o promesas o protección
NS N° 004-17 a IR N° 031-09A.I. Carmen del Darien y Riosucio-CHO.pdf;2017;Chocó;presión
NS N° 005-17 a IR N° 026-13 Trujillo-VAL.pdf;2017;Valle del Cauca;violencia
NS N° 005-17 a IR N° 026-13 Trujillo-VAL.pdf;2017;Valle del Cauca;persuación de incorporación voluntaria y adoctrinamiento
NS N° 006-17 a IR N° 032-08 Buenaventura-VAL.pdf;2017;Valle del Cauca;reclutamiento forzado
NS N° 007-17 a IR N° 008-12A.I. BOL.pdf;2017;Bolívar;regalos o promesas o protección
NS N° 007-17 a IR N° 008-12A.I. BOL.pdf;2017;Bolívar;féminas como objetivo de reclutamiento/violencia
NS N° 007-17 a IR N° 008-12A.I. BOL.pdf;2017;Bolívar;presión
NS N° 009-17 a IR N° 031-12 Saravena - ARA.pdf;2017;Arauca;presión
NS N° 010-17 a IR N° 019-14 La Unión - VAL.pdf;2017;Valle del Cauca;regalos o promesas o protección
NS N° 011-17 a IR N° 029-14 Arauca - ARA.pdf;2017;Arauca;regalos o promesas o protección
NS N° 012-17 a IR N° 008-16 Puerto Asís-PUT.pdf;2017;Putumayo;apoyo a actividades/bandas criminales
NS N° 012-17 a IR N° 008-16 Puerto Asís-PUT.pdf;2017;Putumayo;regalos o promesas o protección
NS N° 012-17 a IR N° 008-16 Puerto Asís-PUT.pdf;2017;Putumayo;presión
NS N° 014-17 a IR N° 013-17 La Macarena-META.pdf;2017;Meta;reclutamiento forzado
Informe de Seguimiento  AT 003-19  ANTIOQUIA Caucasia, el bagre, zaragoza.pdf;2019;Quindío;regalos o promesas o protección
Informe de Seguimiento  AT 020-18  ATLÁNTICO- Soledad, Malambo, galapa y Puerto Colombia.pdf;2019;Atlántico;reclutamiento forzado
Informe de Seguimiento  AT 062-18  CUNDINAMARCA- Soacha.pdf;2019;Cundinamarca;reclutamiento forzado
Informe de Seguimiento  AT 086-18  BOGOTÁ D.C.pdf;2019;Bogotá;apoyo a actividades/bandas criminales
Informe de Seguimiento  AT 086-18  BOGOTÁ D.C.pdf;2019;Bogotá;regalos o promesas o protección
Informe de Seguimiento AT 010-18  CESAR- Pailitas, Pelaya, Curumaní y Chimichagua.pdf;2019;Cesar;regalos o promesas o protección
Informe de Seguimiento AT 010-19 BOLIVAR Achi, Montecristo, San jacinto del Cauca.pdf;2019;Cauca;apoyo a actividades/bandas criminales
Informe de Seguimiento AT 010-19 BOLIVAR Achi, Montecristo, San jacinto del Cauca.pdf;2019;Cauca;regalos o promesas o protección
Informe de Seguimiento AT 043-18 Risaralda, Pueblo Rico.pdf;2019;Risaralda;reclutamiento forzado
Informe de Seguimiento AT 043-18 Risaralda, Pueblo Rico.pdf;2019;Risaralda;presión
Informe de Seguimiento AT 045-18  MAGDALENA -Santa Marta.pdf;2019;Magdalena;féminas como objetivo de reclutamiento/violencia
Informe de Seguimiento AT 067-18 CAUCA-Caloto y Corinto - con ampliacion del  Escenario de Riesgo.pdf;2019;Cauca;reclutamiento forzado
Informe de Seguimiento AT 067-18 CAUCA-Caloto y Corinto - con ampliacion del  Escenario de Riesgo.pdf;2019;Cauca;apoyo a actividades/bandas criminales
Informe de Seguimiento AT 078-18  CASANARE- Paz de Ariporo.pdf;2019;Nariño;reclutamiento forzado
Informe de Seguimiento AT 085-18  VALLE DEL CAUCA- Cali.pdf;2019;Valle del Cauca;reclutamiento forzado
Informe de Seguimiento AT 085-18  VALLE DEL CAUCA- Cali.pdf;2019;Valle del Cauca;regalos o promesas o protección
Informe  de Seguimiento AT 023-19 Bogotá. D.C.pdf;2020;Bogotá;reclutamiento forzado
Informe de Seguimiento AT  025-19 CHOCÓ  - Litoral de San Juan.pdf;2020;Chocó;reclutamiento forzado
Informe de Seguimiento AT 004-19 BOLÍVAR- María la Baja.pdf;2020;Bolívar;reclutamiento forzado
Informe de Seguimiento AT 004-19 BOLÍVAR- María la Baja.pdf;2020;Bolívar;féminas como objetivo de reclutamiento/violencia
Informe de Seguimiento AT 016-19  TOLIMA- Ataco.pdf;2020;Tolima;reclutamiento forzado
Informe de Seguimiento AT 016-19  TOLIMA- Ataco.pdf;2020;Tolima;féminas como objetivo de reclutamiento/violencia
Informe de Seguimiento AT 016-19  TOLIMA- Ataco.pdf;2020;Tolima;presión
Informe de Seguimiento AT 042-18  META, La Macarena.pdf;2020;Meta;missing
Informe de Seguimiento AT 080-18 NARIÑO El charo, Olaya Herrera, La Tola, Santa Barbara de Iscuande, subregion Sanquianga.pdf;2020;Nariño;reclutamiento forzado
IS 10_21_2021 IS AT 027-2019 ANT-Frontino y Urrao of.pdf;2021;Antioquia;vinculación sentimental/sexual
IS 10_21_2021 IS AT 027-2019 ANT-Frontino y Urrao of.pdf;2021;Antioquia;regalos o promesas o protección
IS 10_21_2021 IS AT 027-2019 ANT-Frontino y Urrao of.pdf;2021;Antioquia;penetración de centros educativos
IS 10_21_2021 IS AT 027-2019 ANT-Frontino y Urrao of.pdf;2021;Antioquia;persuación de incorporación voluntaria y adoctrinamiento
IS 10_21_2021 IS AT 054-2019 COR-Montelíbano, Puerto Libertador, San José de Uré y Tierralta of.pdf;2021;Córdoba;regalos o promesas o protección
IS 10_26_2021 IS AT 049-2019 CHO-Quibdó.pdf;2021;Quindío;apoyo a actividades/bandas criminales
IS 10_26_2021 IS AT 049-2019 CHO-Quibdó.pdf;2021;Quindío;presión
IS 11_17_2021 IS AT 044-2019 MAG-Aracataca, Ciénaga, Fundación, Santa Marta y Zona Bananera.pdf;2021;Magdalena;reclutamiento forzado
IS 11_30_2021 IS AT 001-2020 NAR-Tumaco.pdf;2021;Nariño;reclutamiento forzado
IS 12_01_2021 IS AT 027-2020 NAR-Magüí Payán.pdf;2021;Nariño;reclutamiento forzado
IS 12_27_2021 IS AT 039-19 LAG-Maicao.pdf;2021;La Guajira;féminas como objetivo de reclutamiento/violencia
IS 12_27_2021 IS AT 039-19 LAG-Maicao.pdf;2021;La Guajira;presión
IS 12_31_2021 IS AT 020-20 BOL-Altos del Rosario, Barranco de Loba, Norosí, Tiquisio.pdf;2021;Bolívar;reclutamiento forzado
IS 12_31_2021 IS AT 058-18 y 022-19 VAL-Trujillo.pdf;2021;Valle del Cauca;reclutamiento forzado
IS N° 011-2022 a AT N° 031-2020 MET-San Martín.pdf;2022;Meta;consumo de drogas
IS N° 011-2022 a AT N° 031-2020 MET-San Martín.pdf;2022;Meta;violencia
IS N° 012-2022 a AT N° 042 de 2020 BOY-El Cocuy, Güicán de la Sierra, Panqueba, El Espino, Chiscas, Chita, Jericó, Socha y Socotá.pdf;2022;Boyacá;reclutamiento forzado
