LOC;lat;lon;categoria;Filename
Abrego, Norte de Santander;8.082246099999999;-73.13496049999999;Guerrillas;2
Acacias, Meta;3.991663;-73.76612899999999;Guerrillas;4
Acacias, Meta;3.991663;-73.76612899999999;Nuevos Paramilitares (Narco-Para);4
Acacias, Meta;3.991663;-73.76612899999999;Paramilitares;1
Acacias, Meta;3.991663;-73.76612899999999;Pequeños Grupos Ilegales;1
Acandí, Chocó;8.510109;-77.27897999999999;Guerrillas;2
Acandí, Chocó;8.510109;-77.27897999999999;Nuevos Paramilitares (Narco-Para);8
Acandí, Chocó;8.510109;-77.27897999999999;Paramilitares;5
Achí, Bolívar;8.567684999999999;-74.5559339;Nuevos Paramilitares (Narco-Para);1
Achí, Cauca;2.57301;-76.77915999999999;Guerrillas;3
Achí, Cauca;2.57301;-76.77915999999999;Nuevos Paramilitares (Narco-Para);2
Achí, Cauca;2.57301;-76.77915999999999;Pequeños Grupos Ilegales;1
Aguachica, Cesar;8.3097459;-73.61448709999999;Nuevos Paramilitares (Narco-Para);1
Aguazul, Casanare;5.170847;-72.55081899999999;Guerrillas;4
Aguazul, Casanare;5.170847;-72.55081899999999;Nuevos Paramilitares (Narco-Para);3
Albania, Caquetá;1.3291425;-75.87856339999999;Guerrillas;1
Albania, Caquetá;1.3291425;-75.87856339999999;Nuevos Paramilitares (Narco-Para);1
Albán, Caquetá;0.869892;-73.8419063;Nuevos Paramilitares (Narco-Para);1
Algeciras, Huila;2.523286;-75.3156229;Guerrillas;9
Algeciras, Huila;2.523286;-75.3156229;Pequeños Grupos Ilegales;1
Alto Baudo, Chocó;5.516347;-76.974502;Guerrillas;26
Alto Baudo, Chocó;5.516347;-76.974502;Nuevos Paramilitares (Narco-Para);16
Alto Baudo, Chocó;5.516347;-76.974502;Paramilitares;1
Andes, Nariño;1.4937224;-77.5213227;Guerrillas;6
Andes, Nariño;1.4937224;-77.5213227;Nuevos Paramilitares (Narco-Para);5
Apartadó, Antioquia;7.882760999999999;-76.624692;Guerrillas;2
Apartadó, Antioquia;7.882760999999999;-76.624692;Nuevos Paramilitares (Narco-Para);1
Apartadó, Antioquia;7.882760999999999;-76.624692;Pequeños Grupos Ilegales;1
Apartadó, Quindío;4.4610191;-75.667356;Guerrillas;5
Apartadó, Quindío;4.4610191;-75.667356;Nuevos Paramilitares (Narco-Para);6
Apartadó, Quindío;4.4610191;-75.667356;Paramilitares;4
Aracataca, Magdalena;10.591925;-74.186103;Nuevos Paramilitares (Narco-Para);1
Aracataca, Magdalena;10.591925;-74.186103;Paramilitares;2
Aracataca, Magdalena;10.591925;-74.186103;Pequeños Grupos Ilegales;11
Araquita, Arauca;7.029334;-71.4294759;Guerrillas;12
Arauca, Arauca;6.547306;-71.0022311;Guerrillas;26
Arauca, Arauca;6.547306;-71.0022311;Paramilitares;2
Arauca, Arauca;6.547306;-71.0022311;Pequeños Grupos Ilegales;1
Arauquita, Arauca;7.029334;-71.4294759;Disidensias FARC;1
Arauquita, Arauca;7.029334;-71.4294759;Guerrillas;20
Arauquita, Arauca;7.029334;-71.4294759;Paramilitares;1
Arenal, Bolívar;8.45917;-73.94093;Guerrillas;5
Arenal, Bolívar;8.45917;-73.94093;Nuevos Paramilitares (Narco-Para);4
Arenal, Bolívar;8.45917;-73.94093;Pequeños Grupos Ilegales;1
Arenal, Norte de Santander;7.9462831;-72.8988069;Guerrillas;1
Arenal, Norte de Santander;7.9462831;-72.8988069;Nuevos Paramilitares (Narco-Para);2
Argelia, Cauca;2.3611583;-77.2405153;Guerrillas;3
Argelia, Cauca;2.3611583;-77.2405153;Nuevos Paramilitares (Narco-Para);3
Argelia, Valle del Cauca;4.727773;-76.12151399999999;Guerrillas;1
Ariguaní, Magdalena;9.844197;-74.22811899999999;Nuevos Paramilitares (Narco-Para);2
Ariguaní, Magdalena;9.844197;-74.22811899999999;Paramilitares;2
Arjona, Bolívar;10.252471;-75.347308;Nuevos Paramilitares (Narco-Para);2
Arjona, Bolívar;10.252471;-75.347308;Paramilitares;1
Arjona, Bolívar;10.252471;-75.347308;Pequeños Grupos Ilegales;2
Armenia, Quindío;4.535000399999999;-75.6756888;Nuevos Paramilitares (Narco-Para);6
Armenia, Quindío;4.535000399999999;-75.6756888;Paramilitares;2
Armenia, Quindío;4.535000399999999;-75.6756888;Pequeños Grupos Ilegales;1
Armenia, Risaralda;4.97586;-75.75666;Pequeños Grupos Ilegales;2
Armero, Tolima;5.0051173;-74.8273184;Guerrillas;1
Armero, Tolima;5.0051173;-74.8273184;Paramilitares;1
Astrea, Magdalena;9.499569752906764;-73.97463916706934;Nuevos Paramilitares (Narco-Para);4
Ataco, Tolima;3.591068;-75.381727;Guerrillas;8
Ataco, Tolima;3.591068;-75.381727;Pequeños Grupos Ilegales;1
Atrato Medio, Chocó;5.989716400000001;-76.7336521;Guerrillas;6
Atrato, Chocó;5.5549057;-76.6181655;Guerrillas;4
Ayapel, Córdoba;8.3092849;-75.140264;Nuevos Paramilitares (Narco-Para);5
Bahía Solano, Chocó;6.222551999999999;-77.40115399999999;Guerrillas;1
Bahía Solano, Chocó;6.222551999999999;-77.40115399999999;Guerrillas;4
Bahía Solano, Chocó;6.222551999999999;-77.40115399999999;Nuevos Paramilitares (Narco-Para);14
Bahía Solano, Chocó;6.222551999999999;-77.40115399999999;Paramilitares;1
Bajo Baudó, Chocó;5.3442678;-77.2864879;Disidensias FARC;1
Bajo Baudó, Chocó;5.3442678;-77.2864879;Guerrillas;27
Bajo Baudó, Chocó;5.3442678;-77.2864879;Nuevos Paramilitares (Narco-Para);16
Bajo Baudó, Chocó;5.3442678;-77.2864879;Paramilitares;1
Balboa, Cauca;2.0409787;-77.2164114;Guerrillas;1
Baraya, Huila;3.151685;-75.054209;Guerrillas;1
Baraya, Huila;3.151685;-75.054209;Pequeños Grupos Ilegales;1
Barbacoas, Nariño;1.5635978;-78.0195387;Guerrillas;19
Barbacoas, Nariño;1.5635978;-78.0195387;Nuevos Paramilitares (Narco-Para);11
Barrancabermeja, Antioquia;6.816669999999999;-74.0833;Guerrillas;7
Barrancabermeja, Antioquia;6.816669999999999;-74.0833;Nuevos Paramilitares (Narco-Para);28
Barrancabermeja, Antioquia;6.816669999999999;-74.0833;Paramilitares;2
Barranco de Loba, Bolívar;8.948135;-74.106454;Nuevos Paramilitares (Narco-Para);3
Barrancominas, Guainía;3.4944415;-69.8153804;Guerrillas;2
Barranquilla, Atlántico;11.0041072;-74.80698129999999;Nuevos Paramilitares (Narco-Para);11
Barranquilla, Atlántico;11.0041072;-74.80698129999999;Paramilitares;4
Barranquilla, Atlántico;11.0041072;-74.80698129999999;Pequeños Grupos Ilegales;3
Bello, Antioquia;6.336728799999999;-75.55958869999999;Guerrillas;1
Bello, Cesar;10.40944718982188;-73.58981210668578;Nuevos Paramilitares (Narco-Para);2
Bello, Cesar;10.40944718982188;-73.58981210668578;Paramilitares;5
Bello, Cesar;10.40944718982188;-73.58981210668578;Pequeños Grupos Ilegales;1
Belén de Bajira, Chocó;7.3716922;-76.714186;Guerrillas;1
Belén de Bajira, Chocó;7.3716922;-76.714186;Nuevos Paramilitares (Narco-Para);2
Belén de Bajira, Chocó;7.3716922;-76.714186;Paramilitares;1
Belén de Los Andaquies, Caquetá;1.420043;-75.8724671;Guerrillas;1
Belén de Los Andaquies, Caquetá;1.420043;-75.8724671;Nuevos Paramilitares (Narco-Para);3
Belén de Los Andaquies, Caquetá;1.420043;-75.8724671;Paramilitares;4
Belén, Caquetá;1.345558;-75.840813;Nuevos Paramilitares (Narco-Para);1
Bogotá D.C, Bolívar;4.710988599999999;-74.072092;Guerrillas;1
Bogotá D.C, Bolívar;4.710988599999999;-74.072092;Paramilitares;1
Bogotá D.C., Bogotá;4.710988599999999;-74.072092;Guerrillas;21
Bogotá D.C., Bogotá;4.710988599999999;-74.072092;Nuevos Paramilitares (Narco-Para);28
Bogotá D.C., Bogotá;4.710988599999999;-74.072092;Paramilitares;12
Bogotá D.C., Bogotá;4.710988599999999;-74.072092;Pequeños Grupos Ilegales;10
Bogotá D.C., Cundinamarca;4.710988599999999;-74.072092;Guerrillas;9
Bogotá D.C., Cundinamarca;4.710988599999999;-74.072092;Paramilitares;10
Bogotá D.C., Tolima;4.710988599999999;-74.072092;Guerrillas;4
Bogotá D.C., Tolima;4.710988599999999;-74.072092;Nuevos Paramilitares (Narco-Para);3
Bogotá. D.C, Bogotá;4.710988599999999;-74.072092;Guerrillas;1
Bogotá. D.C, Bogotá;4.710988599999999;-74.072092;Pequeños Grupos Ilegales;2
Bojaya, Chocó;6.5213281;-76.9728457;Guerrillas;22
Bojaya, Quindío;6.5213281;-76.9728457;Guerrillas;2
Bolívar, Bolívar;8.6704382;-74.0300122;Guerrillas;2
Bolívar, Bolívar;8.6704382;-74.0300122;Nuevos Paramilitares (Narco-Para);10
Bolívar, Bolívar;8.6704382;-74.0300122;Paramilitares;2
Bolívar, Bolívar;8.6704382;-74.0300122;Pequeños Grupos Ilegales;2
Bolívar, Quindío;4.4610191;-75.667356;Guerrillas;2
Bolívar, Quindío;4.4610191;-75.667356;Pequeños Grupos Ilegales;1
Boyacá, Boyacá;5.454511;-73.362003;Guerrillas;6
Briceño, Antioquia;7.1129229;-75.55109980000002;Nuevos Paramilitares (Narco-Para);1
Briceño, Antioquia;7.1129229;-75.55109980000002;Guerrillas;3
Briceño, Antioquia;7.1129229;-75.55109980000002;Nuevos Paramilitares (Narco-Para);1
Briceño, Antioquia;7.1129229;-75.55109980000002;Paramilitares;1
Bucaramanga, Antioquia;7.119349;-73.1227416;Guerrillas;1
Bucaramanga, Antioquia;7.119349;-73.1227416;Paramilitares;1
Bucaramanga, Antioquia;7.119349;-73.1227416;Pequeños Grupos Ilegales;1
Bucarasica, Norte de Santander;8.039551;-72.866872;Guerrillas;3
Buenaventura, Valle del Cauca;3.8830471;-77.01972119999999;Guerrillas;10
Buenaventura, Valle del Cauca;3.8830471;-77.01972119999999;Nuevos Paramilitares (Narco-Para);8
Buenavista, Córdoba;8.222953;-75.482981;Nuevos Paramilitares (Narco-Para);5
Cabrera, Cundinamarca;3.9842364;-74.4842232;Guerrillas;2
Cabrera, Cundinamarca;3.9842364;-74.4842232;Nuevos Paramilitares (Narco-Para);8
Cabrera, Cundinamarca;3.9842364;-74.4842232;Paramilitares;1
Cabrera, Nariño;1.2333;-77.21672;Guerrillas;1
Cabuyaro, Meta;4.284528;-72.7923129;Guerrillas;2
Cabuyaro, Meta;4.284528;-72.7923129;Nuevos Paramilitares (Narco-Para);2
Caicedonia, Valle del Cauca;4.3329129;-75.827107;Guerrillas;1
Calamar, Guaviare;1.920614;-72.554237;Disidensias FARC;1
Calamar, Guaviare;1.920614;-72.554237;Guerrillas;14
Calamar, Guaviare;1.920614;-72.554237;Nuevos Paramilitares (Narco-Para);1
Calamar, Guaviare;1.920614;-72.554237;Paramilitares;8
Calamar, Guaviare;1.920614;-72.554237;Pequeños Grupos Ilegales;2
Calarca, Quindío;4.5266936;-75.64095739999999;Guerrillas;4
Calarcá, Quindío;4.5266936;-75.64095739999999;Nuevos Paramilitares (Narco-Para);4
Calarcá, Quindío;4.5266936;-75.64095739999999;Paramilitares;2
Calarcá, Quindío;4.5266936;-75.64095739999999;Pequeños Grupos Ilegales;1
Caldas, Caldas;5.054639660097866;-75.47940460716484;Guerrillas;1
Caldas, Caldas;5.054639660097866;-75.47940460716484;Nuevos Paramilitares (Narco-Para);1
Caldono, Cauca;2.7977575;-76.4834781;Guerrillas;16
Caldono, Cauca;2.7977575;-76.4834781;Nuevos Paramilitares (Narco-Para);1
Cali, Norte de Santander;7.9462831;-72.8988069;Guerrillas;1
Cali, Valle del Cauca;3.4516467;-76.5319854;Guerrillas;6
Cali, Valle del Cauca;3.4516467;-76.5319854;Nuevos Paramilitares (Narco-Para);7
Cali, Valle del Cauca;3.4516467;-76.5319854;Pequeños Grupos Ilegales;1
Caloto, Cauca;3.0358187;-76.40786659999999;Guerrillas;13
Caloto, Cauca;3.0358187;-76.40786659999999;Pequeños Grupos Ilegales;1
Campoalegre, Huila;2.6851058;-75.3266416;Guerrillas;5
Campoalegre, Huila;2.6851058;-75.3266416;Pequeños Grupos Ilegales;1
Cantagallo, Bolívar;7.381529999999999;-73.91912099999999;Guerrillas;1
Cantagallo, Quindío;4.4610191;-75.667356;Guerrillas;2
Cantagallo, Quindío;4.4610191;-75.667356;Pequeños Grupos Ilegales;1
Cantón, Chocó;5.6914548;-76.65897939999999;Guerrillas;2
Caracolí, Antioquia;6.408748999999999;-74.7576179;Nuevos Paramilitares (Narco-Para);2
Caracolí, Antioquia;6.408748999999999;-74.7576179;Pequeños Grupos Ilegales;2
Carepa, Quindío;7.755354;-76.6554309;Guerrillas;4
Carmen de Bolívar, Bolívar;9.7180213;-75.1209887;Guerrillas;2
Carmen de Bolívar, Bolívar;9.7180213;-75.1209887;Nuevos Paramilitares (Narco-Para);1
Carmen del Darien, Chocó;5.253016970279803;-76.82596520469436;Guerrillas;9
Carmen del Darien, Chocó;5.253016970279803;-76.82596520469436;Nuevos Paramilitares (Narco-Para);10
Carmen del Darien, Chocó;5.253016970279803;-76.82596520469436;Paramilitares;3
Cartagena, Bolívar;10.3932277;-75.4832311;Nuevos Paramilitares (Narco-Para);15
Cartagena, Bolívar;10.3932277;-75.4832311;Paramilitares;2
Cartagena, Bolívar;10.3932277;-75.4832311;Pequeños Grupos Ilegales;2
Carurú, Vaupés;1.0126327;-71.2965117;Guerrillas;8
Casabianca, Tolima;5.078568;-75.119717;Guerrillas;1
Casabianca, Tolima;5.078568;-75.119717;Paramilitares;1
Caucasia, Cauca;7.983182100000001;-75.1981665;Guerrillas;1
Caucasia, Cauca;7.983182100000001;-75.1981665;Nuevos Paramilitares (Narco-Para);3
Caucasia, Quindío;7.983182100000001;-75.1981665;Guerrillas;1
Caucasia, Quindío;7.983182100000001;-75.1981665;Paramilitares;2
Cañasgordas, Antioquia;6.7509209;-76.02597879999999;Guerrillas;2
Cáceres, Cauca;2.20849;-77.8288199;Guerrillas;1
Cáceres, Cauca;2.20849;-77.8288199;Nuevos Paramilitares (Narco-Para);3
Cerrito, Valle del Cauca;3.684084;-76.312996;Pequeños Grupos Ilegales;1
Chaguaní, Cundinamarca;4.9493414;-74.5938658;Guerrillas;6
Chaguaní, Cundinamarca;4.9493414;-74.5938658;Nuevos Paramilitares (Narco-Para);4
Chaguaní, Cundinamarca;4.9493414;-74.5938658;Pequeños Grupos Ilegales;1
Chaparral, Tolima;3.7440073;-75.5742467;Guerrillas;10
Chaparral, Tolima;3.7440073;-75.5742467;Pequeños Grupos Ilegales;2
Chibolo, Magdalena;10.0274472;-74.6238453;Nuevos Paramilitares (Narco-Para);2
Chibolo, Magdalena;10.0274472;-74.6238453;Paramilitares;2
Chigorodó, Quindío;7.6645455;-76.67748449999999;Guerrillas;1
Chigorodó, Quindío;7.6645455;-76.67748449999999;Nuevos Paramilitares (Narco-Para);4
Chimichagua, Cesar;9.258032300000002;-73.8142384;Nuevos Paramilitares (Narco-Para);1
Chimichagua, Cesar;9.258032300000002;-73.8142384;Pequeños Grupos Ilegales;1
Chimichagua, Magdalena;9.258032300000002;-73.8142384;Nuevos Paramilitares (Narco-Para);4
Cimitarra, Antioquia;6.315208999999999;-73.9489059;Paramilitares;1
Circasia, Quindío;4.616093999999999;-75.635595;Nuevos Paramilitares (Narco-Para);4
Circasia, Quindío;4.616093999999999;-75.635595;Paramilitares;2
Circasia, Quindío;4.616093999999999;-75.635595;Pequeños Grupos Ilegales;1
Ciudad Bolívar, Bolívar;5.851450055027782;-76.02167748047562;Guerrillas;3
Ciudad Bolívar, Bolívar;5.851450055027782;-76.02167748047562;Paramilitares;2
Ciudad Bolívar, Bolívar;5.851450055027782;-76.02167748047562;Pequeños Grupos Ilegales;1
Ciénaga, Magdalena;11.007984;-74.248926;Nuevos Paramilitares (Narco-Para);1
Ciénaga, Magdalena;11.007984;-74.248926;Paramilitares;2
Ciénaga, Magdalena;11.007984;-74.248926;Pequeños Grupos Ilegales;11
Colombia, Atlántico;10.6966159;-74.8741045;Nuevos Paramilitares (Narco-Para);3
Colombia, Atlántico;10.6966159;-74.8741045;Paramilitares;4
Colombia, Huila;3.3762396;-74.8023651;Guerrillas;6
Concordia, Meta;2.6227918;-72.7598422;Guerrillas;9
Concordia, Meta;2.6227918;-72.7598422;Nuevos Paramilitares (Narco-Para);2
Concordia, Meta;2.6227918;-72.7598422;Paramilitares;6
Condoto, Chocó;5.089545999999999;-76.652079;Guerrillas;6
Condoto, Chocó;5.089545999999999;-76.652079;Paramilitares;1
Convención, Norte de Santander;8.470146;-73.337007;Disidensias FARC;1
Cordoba, Quindío;4.392094999999999;-75.687434;Guerrillas;4
Corinto, Cauca;3.1756423;-76.2591932;Guerrillas;4
Corozal, Casanare;5.35;-72.30002;Guerrillas;3
Coveñas, Sucre;9.403439;-75.68008669999999;Nuevos Paramilitares (Narco-Para);12
Coveñas, Sucre;9.403439;-75.68008669999999;Paramilitares;3
Coveñas, Sucre;9.403439;-75.68008669999999;Pequeños Grupos Ilegales;2
Cravo Norte, Arauca;6.304349999999999;-70.202659;Guerrillas;10
Cubará, Boyacá;7.00178;-72.108186;Guerrillas;5
Cumaribo, Vichada;4.444922;-69.79807869999999;Guerrillas;5
Cumaribo, Vichada;4.444922;-69.79807869999999;Paramilitares;1
Cumbitara, Nariño;1.6479737;-77.57850549999999;Guerrillas;10
Cumbitara, Nariño;1.6479737;-77.57850549999999;Nuevos Paramilitares (Narco-Para);7
Cumbitara, Nariño;1.6479737;-77.57850549999999;Paramilitares;2
Cumbitara, Nariño;1.6479737;-77.57850549999999;Pequeños Grupos Ilegales;1
Curumaní, Cesar;9.201062;-73.5425659;Nuevos Paramilitares (Narco-Para);1
Curumaní, Cesar;9.201062;-73.5425659;Pequeños Grupos Ilegales;1
Cúcuta, Norte de Santander;7.8890971;-72.4966896;Guerrillas;1
Cáceres, Antioquia;7.579028999999998;-75.34954499999999;Nuevos Paramilitares (Narco-Para);1
Cértegui, Chocó;5.371643199999999;-76.6085705;Guerrillas;6
Cértegui, Chocó;5.371643199999999;-76.6085705;Nuevos Paramilitares (Narco-Para);1
Córdoba, Córdoba;8.765106754125203;-75.87187833545246;Guerrillas;7
Córdoba, Córdoba;8.765106754125203;-75.87187833545246;Nuevos Paramilitares (Narco-Para);19
Córdoba, Córdoba;8.765106754125203;-75.87187833545246;Paramilitares;5
Córdoba, Quindío;4.392094999999999;-75.687434;Guerrillas;1
Córdoba, Quindío;4.392094999999999;-75.687434;Paramilitares;1
Cúcuta, Norte de Santander;7.8890971;-72.4966896;Guerrillas;2
Cúcuta, Norte de Santander;7.8890971;-72.4966896;Nuevos Paramilitares (Narco-Para);9
Cúcuta, Norte de Santander;7.8890971;-72.4966896;Paramilitares;1
Cúcuta, Norte de Santander;7.8890971;-72.4966896;Pequeños Grupos Ilegales;1
Cúcuta, Santander;7.8890971;-72.4966896;Nuevos Paramilitares (Narco-Para);5
Cúcuta, Santander;7.8890971;-72.4966896;Paramilitares;1
Dabeiba, Antioquia;6.997374;-76.256824;Guerrillas;2
Dibulla, La Guajira;11.2724671;-73.3094943;Guerrillas;3
Dibulla, La Guajira;11.2724671;-73.3094943;Nuevos Paramilitares (Narco-Para);7
Dibulla, La Guajira;11.2724671;-73.3094943;Paramilitares;4
Dibulla, La Guajira;11.2724671;-73.3094943;Pequeños Grupos Ilegales;1
Dosquebradas, Risaralda;4.8318256;-75.68056779999999;Guerrillas;2
Dosquebradas, Risaralda;4.8318256;-75.68056779999999;Paramilitares;2
Dosquebradas, Risaralda;4.8318256;-75.68056779999999;Pequeños Grupos Ilegales;4
Duitama, Boyacá;5.8268951;-73.0329273;Guerrillas;1
El Bagre, Cauca;7.6049669;-74.8090098;Guerrillas;1
El Bagre, Cauca;7.6049669;-74.8090098;Nuevos Paramilitares (Narco-Para);3
El Bagre, Quindío;4.4610191;-75.667356;Guerrillas;1
El Bagre, Quindío;4.4610191;-75.667356;Paramilitares;2
El Banco, Magdalena;9.003506999999999;-73.97386399999999;Nuevos Paramilitares (Narco-Para);4
El Cairo, Valle del Cauca;4.760770400000001;-76.2216962;Guerrillas;2
El Cairo, Valle del Cauca;4.760770400000001;-76.2216962;Pequeños Grupos Ilegales;1
El Carmen, Norte de Santander;8.49567;-73.44704;Disidensias FARC;1
El Castillo, Meta;3.564252;-73.794394;Guerrillas;5
El Charco, Nariño;2.479311;-78.11021099999999;Guerrillas;8
El Charco, Nariño;2.479311;-78.11021099999999;Nuevos Paramilitares (Narco-Para);16
El Charco, Nariño;2.479311;-78.11021099999999;Pequeños Grupos Ilegales;2
El Copey, Cesar;10.148976;-73.960233;Nuevos Paramilitares (Narco-Para);3
El Doncello, Caquetá;1.680042;-75.2833349;Guerrillas;11
El Doncello, Caquetá;1.680042;-75.2833349;Pequeños Grupos Ilegales;1
El Dovio, Valle del Cauca;4.5081065;-76.2371857;Guerrillas;2
El Dovio, Valle del Cauca;4.5081065;-76.2371857;Nuevos Paramilitares (Narco-Para);13
El Encanto, Amazonas;-1.7471448;-73.20910099999999;Guerrillas;2
El Paujil, Caquetá;1.5710821;-75.3268349;Guerrillas;9
El Retorno, Guaviare;2.331899;-72.62812699999999;Disidensias FARC;1
El Retorno, Guaviare;2.331899;-72.62812699999999;Guerrillas;14
El Retorno, Guaviare;2.331899;-72.62812699999999;Nuevos Paramilitares (Narco-Para);1
El Retorno, Guaviare;2.331899;-72.62812699999999;Paramilitares;8
El Retorno, Guaviare;2.331899;-72.62812699999999;Pequeños Grupos Ilegales;2
El Retén, Magdalena;10.611793;-74.26938299999999;Paramilitares;2
El Retén, Magdalena;10.611793;-74.26938299999999;Pequeños Grupos Ilegales;3
El Rosario, Nariño;1.742897;-77.33513239999999;Guerrillas;10
El Rosario, Nariño;1.742897;-77.33513239999999;Nuevos Paramilitares (Narco-Para);7
El Rosario, Nariño;1.742897;-77.33513239999999;Paramilitares;2
El Rosario, Nariño;1.742897;-77.33513239999999;Pequeños Grupos Ilegales;1
El Tambo, Cauca;2.452695;-76.81132199999999;Guerrillas;3
El Tambo, Cauca;2.452695;-76.81132199999999;Nuevos Paramilitares (Narco-Para);3
El Tarra, Norte de Santander;8.57451;-73.09339;Guerrillas;13
El Tarra, Norte de Santander;8.57451;-73.09339;Nuevos Paramilitares (Narco-Para);2
El Tarra, Norte de Santander;8.57451;-73.09339;Paramilitares;1
El Tarra, Norte de Santander;8.57451;-73.09339;Pequeños Grupos Ilegales;1
El Zulia, Norte de Santander;7.937289;-72.604826;Nuevos Paramilitares (Narco-Para);2
El Zulia, Santander;7.937289;-72.604826;Nuevos Paramilitares (Narco-Para);5
El Zulia, Santander;7.937289;-72.604826;Paramilitares;1
Espinal, Tolima;4.147075;-74.89749250000001;Paramilitares;3
Falan, Tolima;5.1206208;-74.95246910000002;Guerrillas;1
Falan, Tolima;5.1206208;-74.95246910000002;Paramilitares;1
Flandes, Tolima;4.2867309;-74.812294;Paramilitares;3
Florencia, Caquetá;1.6153858;-75.60423639999999;Guerrillas;3
Florida, Antioquia;6.2476598;-75.565816;Guerrillas;1
Florida, Valle del Cauca;3.3213339;-76.235361;Guerrillas;10
Florida, Valle del Cauca;3.3213339;-76.235361;Paramilitares;4
Florida, Valle del Cauca;3.3213339;-76.235361;Pequeños Grupos Ilegales;2
Floridablanca, Antioquia;6.2476598;-75.565816;Guerrillas;1
Floridablanca, Antioquia;6.2476598;-75.565816;Paramilitares;1
Floridablanca, Antioquia;6.2476598;-75.565816;Pequeños Grupos Ilegales;1
Fortul, Arauca;6.794366999999999;-71.7715489;Disidensias FARC;1
Fortul, Arauca;6.794366999999999;-71.7715489;Guerrillas;26
Fortul, Arauca;6.794366999999999;-71.7715489;Paramilitares;1
Francisco Pizarro, Nariño;2.0403017;-78.6582394;Guerrillas;5
Francisco Pizarro, Nariño;2.0403017;-78.6582394;Nuevos Paramilitares (Narco-Para);6
Frontino, Antioquia;6.772999899999999;-76.1313454;Guerrillas;2
Frontino, Antioquia;6.772999899999999;-76.1313454;Nuevos Paramilitares (Narco-Para);1
Frontino, Antioquia;6.772999899999999;-76.1313454;Pequeños Grupos Ilegales;1
Fundación, Magdalena;10.517179;-74.1819979;Guerrillas;5
Fundación, Magdalena;10.517179;-74.1819979;Nuevos Paramilitares (Narco-Para);1
Fundación, Magdalena;10.517179;-74.1819979;Paramilitares;5
Fundación, Magdalena;10.517179;-74.1819979;Pequeños Grupos Ilegales;11
Fusagasugá, Cundinamarca;4.345152;-74.361823;Guerrillas;2
Fusagasugá, Cundinamarca;4.345152;-74.361823;Nuevos Paramilitares (Narco-Para);8
Fusagasugá, Cundinamarca;4.345152;-74.361823;Paramilitares;1
Galapa, Atlántico;10.8996383;-74.88618819999999;Nuevos Paramilitares (Narco-Para);6
Galapa, Atlántico;10.8996383;-74.88618819999999;Paramilitares;4
Galapa, Atlántico;10.8996383;-74.88618819999999;Pequeños Grupos Ilegales;3
Girardot, Tolima;4.3045959;-74.8031414;Paramilitares;3
Girón, Antioquia;6.2476598;-75.565816;Guerrillas;1
Girón, Antioquia;6.2476598;-75.565816;Paramilitares;1
Girón, Antioquia;6.2476598;-75.565816;Pequeños Grupos Ilegales;1
Granada, Meta;3.5436442;-73.7028107;Guerrillas;5
Granada, Meta;3.5436442;-73.7028107;Nuevos Paramilitares (Narco-Para);4
Granada, Meta;3.5436442;-73.7028107;Paramilitares;3
Granada, Meta;3.5436442;-73.7028107;Pequeños Grupos Ilegales;1
Guadalajara de Buga, Valle del Cauca;3.8946048;-76.3055772;Pequeños Grupos Ilegales;1
Guaduas, Cundinamarca;5.0678088;-74.5953205;Guerrillas;6
Guaduas, Cundinamarca;5.0678088;-74.5953205;Nuevos Paramilitares (Narco-Para);4
Guaduas, Cundinamarca;5.0678088;-74.5953205;Pequeños Grupos Ilegales;1
Guamal, Magdalena;9.144527;-74.22629400000001;Nuevos Paramilitares (Narco-Para);4
Guapi, Quindío;4.4610191;-75.667356;Guerrillas;1
Guapi, Quindío;4.4610191;-75.667356;Nuevos Paramilitares (Narco-Para);1
Guaranda, Sucre;8.468309999999999;-74.537025;Guerrillas;1
Guaranda, Sucre;8.468309999999999;-74.537025;Nuevos Paramilitares (Narco-Para);1
Génova, Quindío;4.2497299;-75.66954;Guerrillas;5
Génova, Quindío;4.2497299;-75.66954;Nuevos Paramilitares (Narco-Para);5
Génova, Quindío;4.2497299;-75.66954;Paramilitares;1
Hato Corozal, Casanare;6.154946;-71.76236;Disidensias FARC;3
Hato Corozal, Casanare;6.154946;-71.76236;Guerrillas;5
Hato, Casanare;6.154946;-71.76236;Guerrillas;3
Icononzo, Tolima;4.17645;-74.531723;Guerrillas;4
Icononzo, Tolima;4.17645;-74.531723;Nuevos Paramilitares (Narco-Para);3
Iscuande, Nariño;2.4505212;-77.98026930000002;Guerrillas;2
Iscuande, Nariño;2.4505212;-77.98026930000002;Nuevos Paramilitares (Narco-Para);2
Istmina, Chocó;5.157448899999999;-76.6880899;Disidensias FARC;1
Istmina, Chocó;5.157448899999999;-76.6880899;Guerrillas;11
Istmina, Chocó;5.157448899999999;-76.6880899;Nuevos Paramilitares (Narco-Para);12
Istmina, Chocó;5.157448899999999;-76.6880899;Paramilitares;5
Itagui, Quindío;4.4610191;-75.667356;Paramilitares;1
Ituango, Antioquia;7.1722236;-75.764398;Guerrillas;5
Ituango, Antioquia;7.1722236;-75.764398;Nuevos Paramilitares (Narco-Para);3
Ituango, Antioquia;7.1722236;-75.764398;Paramilitares;1
Ituango, Quindío;7.1722236;-75.764398;Guerrillas;4
Ituango, Quindío;7.1722236;-75.764398;Nuevos Paramilitares (Narco-Para);2
Ituango, Quindío;7.1722236;-75.764398;Paramilitares;1
Ituango, Quindío;7.1722236;-75.764398;Pequeños Grupos Ilegales;1
Jambaló, Cauca;2.7768879;-76.3247615;Guerrillas;15
Jambaló, Cauca;2.7768879;-76.3247615;Nuevos Paramilitares (Narco-Para);1
Juradó, Chocó;7.102626;-77.762046;Guerrillas;4
Juradó, Chocó;7.102626;-77.762046;Nuevos Paramilitares (Narco-Para);13
Juradó, Chocó;7.102626;-77.762046;Paramilitares;1
La Apartada, Córdoba;8.048048999999999;-75.33410099999999;Nuevos Paramilitares (Narco-Para);5
La Chorrera, Amazonas;-1.443383;-72.788945;Guerrillas;2
La Llanada, Nariño;1.472852;-77.5798499;Guerrillas;6
La Llanada, Nariño;1.472852;-77.5798499;Nuevos Paramilitares (Narco-Para);5
La Macarena, Meta;2.1831929;-73.7843783;Disidensias FARC;4
La Macarena, Meta;2.1831929;-73.7843783;Guerrillas;7
La Macarena, Meta;2.1831929;-73.7843783;Nuevos Paramilitares (Narco-Para);10
La Macarena, Meta;2.1831929;-73.7843783;Paramilitares;4
La Montañita, Caquetá;1.4342295;-75.3878525;Guerrillas;7
La Paz, Cesar;10.3868315;-73.1706425;Paramilitares;1
La Pedrera, Amazonas;-1.3220043;-69.578386;Disidensias FARC;2
La Pedrera, Amazonas;-1.3220043;-69.578386;Guerrillas;1
La Primavera, Vichada;5.4915919;-70.4139951;Guerrillas;1
La Primavera, Vichada;5.4915919;-70.4139951;Paramilitares;1
La Salina, Casanare;6.1281064;-72.3343478;Guerrillas;8
La Salina, Nariño;1.2897467;-77.3580033;Guerrillas;4
La Tebaida, Quindío;4.453588;-75.79153;Nuevos Paramilitares (Narco-Para);4
La Tebaida, Quindío;4.453588;-75.79153;Paramilitares;2
La Tebaida, Quindío;4.453588;-75.79153;Pequeños Grupos Ilegales;1
La Tola, Nariño;2.399572;-78.189712;Guerrillas;8
La Tola, Nariño;2.399572;-78.189712;Nuevos Paramilitares (Narco-Para);16
La Tola, Nariño;2.399572;-78.189712;Pequeños Grupos Ilegales;2
La Unión, Valle del Cauca;4.529822999999999;-76.1088001;Nuevos Paramilitares (Narco-Para);11
La Unión, Valle del Cauca;4.529822999999999;-76.1088001;Paramilitares;2
La Virginia, Risaralda;4.9019631;-75.88444020000001;Guerrillas;1
La Virginia, Risaralda;4.9019631;-75.88444020000001;Paramilitares;2
Labranzagrande, Boyacá;5.562762999999999;-72.57762799999999;Guerrillas;2
Leguízamo, Putumayo;-0.185957;-74.78366;Guerrillas;1
Leguízamo, Putumayo;-0.185957;-74.78366;Pequeños Grupos Ilegales;1
Leiva, Nariño;1.9354157;-77.3035623;Guerrillas;10
Leiva, Nariño;1.9354157;-77.3035623;Nuevos Paramilitares (Narco-Para);7
Leiva, Nariño;1.9354157;-77.3035623;Paramilitares;2
Leiva, Nariño;1.9354157;-77.3035623;Pequeños Grupos Ilegales;1
Lejanías, Meta;3.5272204;-74.022413;Guerrillas;7
Lloró, Chocó;5.499682;-76.542596;Disidensias FARC;1
Lloró, Chocó;5.499682;-76.542596;Guerrillas;4
Lorica, Córdoba;9.2376398;-75.81362450000002;Nuevos Paramilitares (Narco-Para);12
Lorica, Córdoba;9.2376398;-75.81362450000002;Paramilitares;1
Lorica, Córdoba;9.2376398;-75.81362450000002;Pequeños Grupos Ilegales;4
Los Andes, Nariño;1.4937224;-77.5213227;Guerrillas;6
Los Andes, Nariño;1.4937224;-77.5213227;Nuevos Paramilitares (Narco-Para);5
Los Patios, Norte de Santander;7.833199;-72.504392;Guerrillas;2
Los Patios, Norte de Santander;7.833199;-72.504392;Nuevos Paramilitares (Narco-Para);9
Los Patios, Norte de Santander;7.833199;-72.504392;Paramilitares;1
Los Patios, Norte de Santander;7.833199;-72.504392;Pequeños Grupos Ilegales;1
Los Patios, Santander;7.8328574308121075;-72.50490863729128;Nuevos Paramilitares (Narco-Para);5
Los Patios, Santander;7.8328574308121075;-72.50490863729128;Paramilitares;1
Lérida, Tolima;4.8658613;-74.89749250000001;Guerrillas;1
Lérida, Tolima;4.8658613;-74.89749250000001;Paramilitares;1
Líbano, Córdoba;9.30001;-75.88333999999999;Guerrillas;1
Líbano, Córdoba;9.30001;-75.88333999999999;Nuevos Paramilitares (Narco-Para);2
Líbano, Córdoba;9.30001;-75.88333999999999;Pequeños Grupos Ilegales;2
Líbano, Tolima;4.9224602;-75.0642244;Guerrillas;1
Líbano, Tolima;4.9224602;-75.0642244;Paramilitares;1
López de Micay, Quindío;2.8458039;-77.24803899999999;Guerrillas;1
López de Micay, Quindío;2.8458039;-77.24803899999999;Nuevos Paramilitares (Narco-Para);1
López, Meta;4.129390111599738;-73.62940173168514;Guerrillas;1
López, Meta;4.129390111599738;-73.62940173168514;Paramilitares;1
Maceo, Antioquia;6.551367;-74.787294;Nuevos Paramilitares (Narco-Para);2
Maceo, Antioquia;6.551367;-74.787294;Pequeños Grupos Ilegales;2
Magangué, Magdalena;9.2414156;-74.7527587;Paramilitares;1
Magui Payán, Nariño;1.7658466;-78.1838239;Guerrillas;2
Maguí Payán, Nariño;1.7658466;-78.1838239;Guerrillas;9
Maguí Payán, Nariño;1.7658466;-78.1838239;Nuevos Paramilitares (Narco-Para);7
Maicao, La Guajira;11.3800543;-72.2422465;Guerrillas;1
Maicao, La Guajira;11.3800543;-72.2422465;Paramilitares;2
Majagual, Sucre;8.4865278;-74.7337069;Guerrillas;1
Majagual, Sucre;8.4865278;-74.7337069;Nuevos Paramilitares (Narco-Para);1
Malambo, Atlántico;10.8575824;-74.7746834;Nuevos Paramilitares (Narco-Para);12
Malambo, Atlántico;10.8575824;-74.7746834;Paramilitares;4
Malambo, Atlántico;10.8575824;-74.7746834;Pequeños Grupos Ilegales;3
Manizales, Risaralda;5.0629743;-75.5027698;Pequeños Grupos Ilegales;2
Maní, Nariño;1.2897467;-77.3580033;Guerrillas;6
Maní, Nariño;1.2897467;-77.3580033;Nuevos Paramilitares (Narco-Para);5
Maní, Risaralda;5.315847499999999;-75.9927652;Pequeños Grupos Ilegales;2
Mapiripán, Meta;2.892506;-72.13317500000001;Guerrillas;22
Mapiripán, Meta;2.892506;-72.13317500000001;Nuevos Paramilitares (Narco-Para);7
Mapiripán, Meta;2.892506;-72.13317500000001;Paramilitares;19
María la Baja, Bolívar;9.983431500000002;-75.30223749999999;Nuevos Paramilitares (Narco-Para);1
Medellín, Antioquia;6.2476376;-75.56581530000001;Nuevos Paramilitares (Narco-Para);1
Medellín, Antioquia;6.2476376;-75.56581530000001;Paramilitares;1
Medellín, Antioquia;6.2476376;-75.56581530000001;Pequeños Grupos Ilegales;13
Medellín, Quindío;6.2476376;-75.56581530000001;Guerrillas;1
Medellín, Quindío;6.2476376;-75.56581530000001;Nuevos Paramilitares (Narco-Para);4
Medellín, Quindío;6.2476376;-75.56581530000001;Paramilitares;11
Medellín, Quindío;6.2476376;-75.56581530000001;Pequeños Grupos Ilegales;8
Medio Atrato, Chocó;5.989716400000001;-76.7336521;Guerrillas;15
Medio Atrato, Quindío;5.989716400000001;-76.7336521;Guerrillas;2
Medio Baudó, Chocó;5.1334095;-76.964306;Guerrillas;26
Medio Baudó, Chocó;5.1334095;-76.964306;Nuevos Paramilitares (Narco-Para);16
Medio Baudó, Chocó;5.1334095;-76.964306;Paramilitares;1
Medio San Juan, Chocó;5.6914548;-76.65897939999999;Disidensias FARC;1
Medio San Juan, Chocó;5.6914548;-76.65897939999999;Guerrillas;11
Medio San Juan, Chocó;5.6914548;-76.65897939999999;Nuevos Paramilitares (Narco-Para);12
Medio San Juan, Chocó;5.6914548;-76.65897939999999;Paramilitares;5
Mesetas, Meta;3.381995;-74.043801;Guerrillas;7
Milán, Caquetá;1.33546;-75.51080999999999;Guerrillas;5
Miraflores, Guaviare;1.337454;-71.950914;Disidensias FARC;6
Miraflores, Guaviare;1.337454;-71.950914;Guerrillas;17
Miranda, Cauca;3.2135542;-76.2131474;Guerrillas;2
Miranda, Valle del Cauca;3.2135542;-76.2131474;Guerrillas;5
Miranda, Valle del Cauca;3.2135542;-76.2131474;Pequeños Grupos Ilegales;2
Mistrató, Risaralda;5.2962025;-75.88155549999999;Guerrillas;2
Mistrató, Risaralda;5.2962025;-75.88155549999999;Nuevos Paramilitares (Narco-Para);2
Mistrató, Risaralda;5.2962025;-75.88155549999999;Paramilitares;1
Mistrató, Risaralda;5.2962025;-75.88155549999999;Pequeños Grupos Ilegales;3
Mitú, Vaupés;1.2521739;-70.23361799999999;Disidensias FARC;8
Mitú, Vaupés;1.2521739;-70.23361799999999;Guerrillas;10
Montañita, Caquetá;1.4342295;-75.3878525;Guerrillas;6
Montañita, Caquetá;1.4342295;-75.3878525;Pequeños Grupos Ilegales;1
Montecristo, Bolívar;8.294838;-74.4750948;Guerrillas;2
Montecristo, Cauca;2.57301;-76.77915999999999;Guerrillas;3
Montecristo, Cauca;2.57301;-76.77915999999999;Nuevos Paramilitares (Narco-Para);2
Montecristo, Cauca;2.57301;-76.77915999999999;Pequeños Grupos Ilegales;1
Montelíbano, Córdoba;7.976803;-75.417209;Guerrillas;7
Montelíbano, Córdoba;7.976803;-75.417209;Nuevos Paramilitares (Narco-Para);37
Montelíbano, Córdoba;7.976803;-75.417209;Paramilitares;2
Montelíbano, Córdoba;7.976803;-75.417209;Pequeños Grupos Ilegales;4
Montenegro, Quindío;4.566637;-75.75012;Nuevos Paramilitares (Narco-Para);4
Montenegro, Quindío;4.566637;-75.75012;Paramilitares;2
Montenegro, Quindío;4.566637;-75.75012;Pequeños Grupos Ilegales;1
Montería, Córdoba;8.750983;-75.8785348;Nuevos Paramilitares (Narco-Para);1
Montería, Córdoba;8.750983;-75.8785348;Nuevos Paramilitares (Narco-Para);6
Morales, Bolívar;8.27533;-73.86817599999999;Guerrillas;10
Mosquera, Nariño;2.50923;-78.451284;Guerrillas;7
Mosquera, Nariño;2.50923;-78.451284;Nuevos Paramilitares (Narco-Para);6
Mosquera, Nariño;2.50923;-78.451284;Pequeños Grupos Ilegales;1
Moñitos, Córdoba;9.2461227;-76.1316984;Nuevos Paramilitares (Narco-Para);12
Moñitos, Córdoba;9.2461227;-76.1316984;Paramilitares;1
Moñitos, Córdoba;9.2461227;-76.1316984;Pequeños Grupos Ilegales;4
Murindó, Antioquia;6.976297;-76.81975;Nuevos Paramilitares (Narco-Para);1
Murindó, Antioquia;6.976297;-76.81975;Paramilitares;1
Mutatá, Quindío;7.361357399999999;-76.5025742;Guerrillas;1
Mutatá, Quindío;7.361357399999999;-76.5025742;Nuevos Paramilitares (Narco-Para);4
Nariño, Nariño;1.289151;-77.35794000000001;Guerrillas;10
Nariño, Nariño;1.289151;-77.35794000000001;Nuevos Paramilitares (Narco-Para);12
Nechí, Cauca;8.0909315;-74.77964659999999;Guerrillas;1
Nechí, Cauca;8.0909315;-74.77964659999999;Nuevos Paramilitares (Narco-Para);3
Nechí, Quindío;8.0909315;-74.77964659999999;Guerrillas;1
Nechí, Quindío;8.0909315;-74.77964659999999;Nuevos Paramilitares (Narco-Para);3
Nechí, Quindío;8.0909315;-74.77964659999999;Paramilitares;2
Nechí, Quindío;8.0909315;-74.77964659999999;Pequeños Grupos Ilegales;2
Neiva, Huila;2.9344837;-75.2809001;Guerrillas;1
Neiva, Huila;2.9344837;-75.2809001;Pequeños Grupos Ilegales;1
Norosí, Bolívar;8.528027;-74.037018;Guerrillas;3
Norosí, Bolívar;8.528027;-74.037018;Nuevos Paramilitares (Narco-Para);4
Norosí, Bolívar;8.528027;-74.037018;Pequeños Grupos Ilegales;1
Norosí, Norte de Santander;7.9462831;-72.8988069;Guerrillas;1
Norosí, Norte de Santander;7.9462831;-72.8988069;Nuevos Paramilitares (Narco-Para);2
Nuquí, Chocó;5.709563;-77.2666969;Guerrillas;4
Nuquí, Chocó;5.709563;-77.2666969;Nuevos Paramilitares (Narco-Para);13
Nuquí, Chocó;5.709563;-77.2666969;Paramilitares;1
Nóvita, Chocó;4.956167;-76.60734900000001;Guerrillas;6
Nóvita, Chocó;4.956167;-76.60734900000001;Paramilitares;2
Ocaña, Norte de Santander;8.252049999999999;-73.3532199;Guerrillas;1
Olaya Herrera, Nariño;2.2772880621602263;-78.31589372202436;Guerrillas;8
Olaya Herrera, Nariño;2.2772880621602263;-78.31589372202436;Nuevos Paramilitares (Narco-Para);16
Olaya Herrera, Nariño;2.2772880621602263;-78.31589372202436;Pequeños Grupos Ilegales;2
Orito, Putumayo;0.6766344999999999;-76.87960609999999;Guerrillas;1
Orito, Putumayo;0.6766344999999999;-76.87960609999999;Nuevos Paramilitares (Narco-Para);2
Ovejas, Sucre;9.525146;-75.2296693;Guerrillas;1
Pacoa, Vaupés;0.1410295;-70.6216794;Disidensias FARC;3
Pacoa, Vaupés;0.1410295;-70.6216794;Guerrillas;8
Pailitas, Cesar;8.959667;-73.626268;Guerrillas;1
Pailitas, Cesar;8.959667;-73.626268;Nuevos Paramilitares (Narco-Para);1
Pailitas, Cesar;8.959667;-73.626268;Paramilitares;2
Pailitas, Cesar;8.959667;-73.626268;Pequeños Grupos Ilegales;1
Palmar, Chocó;8.360035511409237;-77.10802946234729;Disidensias FARC;2
Palmar, Chocó;8.360035511409237;-77.10802946234729;Guerrillas;5
Palmira, Valle del Cauca;3.5379718;-76.2971657;Pequeños Grupos Ilegales;1
Palocabildo, Tolima;5.119358;-75.023736;Guerrillas;1
Palocabildo, Tolima;5.119358;-75.023736;Paramilitares;1
Pandi, Cundinamarca;4.19065;-74.486751;Guerrillas;2
Pandi, Cundinamarca;4.19065;-74.486751;Nuevos Paramilitares (Narco-Para);8
Pandi, Cundinamarca;4.19065;-74.486751;Paramilitares;1
Papunahua, Vaupés;1.8028463;-70.7168469;Guerrillas;4
Papunaua, Vaupés;1.8028463;-70.7168469;Disidensias FARC;2
Papunaua, Vaupés;1.8028463;-70.7168469;Guerrillas;1
Paratebueno, Cundinamarca;4.3746917;-73.2120879;Nuevos Paramilitares (Narco-Para);4
Pasca, Cundinamarca;4.308498;-74.299995;Guerrillas;2
Pasca, Cundinamarca;4.308498;-74.299995;Nuevos Paramilitares (Narco-Para);8
Pasca, Cundinamarca;4.308498;-74.299995;Paramilitares;1
Patía, Cauca;2.1482437;-77.0794705;Guerrillas;2
Paya, Boyacá;5.6260229;-72.4221792;Guerrillas;2
Paya, Nariño;1.2897467;-77.3580033;Guerrillas;7
Paya, Nariño;1.2897467;-77.3580033;Nuevos Paramilitares (Narco-Para);4
Paz de Ariporo, Casanare;5.880639;-71.892912;Disidensias FARC;3
Paz de Ariporo, Casanare;5.880639;-71.892912;Guerrillas;2
Pelaya, Cesar;8.688030999999999;-73.666377;Nuevos Paramilitares (Narco-Para);1
Pelaya, Cesar;8.688030999999999;-73.666377;Paramilitares;1
Pelaya, Cesar;8.688030999999999;-73.666377;Pequeños Grupos Ilegales;1
Pensilvania, Caldas;5.38211;-75.16142599999999;Guerrillas;1
Peque, Antioquia;7.021420099999999;-75.9088137;Guerrillas;2
Pereira, Risaralda;4.8087174;-75.690601;Guerrillas;1
Pereira, Risaralda;4.8087174;-75.690601;Nuevos Paramilitares (Narco-Para);1
Pereira, Risaralda;4.8087174;-75.690601;Paramilitares;3
Pereira, Risaralda;4.8087174;-75.690601;Pequeños Grupos Ilegales;3
Piamonte, Cauca;1.2155968;-76.4100267;Guerrillas;1
Piedecuesta, Antioquia;6.991539;-73.05399799999999;Guerrillas;1
Piedecuesta, Antioquia;6.991539;-73.05399799999999;Paramilitares;1
Piedecuesta, Antioquia;6.991539;-73.05399799999999;Pequeños Grupos Ilegales;1
Pijao, Quindío;4.334346099999999;-75.7036308;Guerrillas;5
Pijao, Quindío;4.334346099999999;-75.7036308;Nuevos Paramilitares (Narco-Para);5
Pijao, Quindío;4.334346099999999;-75.7036308;Paramilitares;1
Pisba, Boyacá;5.722797;-72.48457499999999;Guerrillas;2
Planadas, Tolima;3.1207486;-75.8533954;Guerrillas;9
Planadas, Tolima;3.1207486;-75.8533954;Pequeños Grupos Ilegales;2
Planeta Rica, Córdoba;8.412749;-75.584048;Nuevos Paramilitares (Narco-Para);6
Plato, Magdalena;9.791337;-74.7975249;Nuevos Paramilitares (Narco-Para);2
Plato, Magdalena;9.791337;-74.7975249;Paramilitares;2
Playa de Belén, Norte de Santander;8.274846799999999;-73.2057595;Guerrillas;2
Policarpa, Nariño;1.6289529;-77.4592061;Guerrillas;10
Policarpa, Nariño;1.6289529;-77.4592061;Nuevos Paramilitares (Narco-Para);7
Policarpa, Nariño;1.6289529;-77.4592061;Paramilitares;2
Policarpa, Nariño;1.6289529;-77.4592061;Pequeños Grupos Ilegales;2
Pradera, Valle del Cauca;3.4195763;-76.24053119999999;Guerrillas;10
Pradera, Valle del Cauca;3.4195763;-76.24053119999999;Paramilitares;4
Pradera, Valle del Cauca;3.4195763;-76.24053119999999;Pequeños Grupos Ilegales;2
Pueblo Bello, Cesar;10.43458;-73.5829689;Nuevos Paramilitares (Narco-Para);2
Pueblo Bello, Cesar;10.43458;-73.5829689;Paramilitares;5
Pueblo Bello, Cesar;10.43458;-73.5829689;Pequeños Grupos Ilegales;1
Pueblo Nuevo, Córdoba;8.503178;-75.5075239;Nuevos Paramilitares (Narco-Para);6
Pueblo Rico, Risaralda;5.221976;-76.03042330000001;Disidensias FARC;1
Pueblo Rico, Risaralda;5.221976;-76.03042330000001;Guerrillas;8
Pueblo Rico, Risaralda;5.221976;-76.03042330000001;Nuevos Paramilitares (Narco-Para);1
Pueblo Rico, Risaralda;5.221976;-76.03042330000001;Paramilitares;1
Puerto Arica, Amazonas;-2.1495;-71.7546;Guerrillas;2
Puerto Asís, Putumayo;0.4985097;-76.4977428;Guerrillas;3
Puerto Asís, Putumayo;0.4985097;-76.4977428;Nuevos Paramilitares (Narco-Para);1
Puerto Asís, Putumayo;0.4985097;-76.4977428;Pequeños Grupos Ilegales;1
Puerto Berrío, Antioquia;6.4895388;-74.4047587;Nuevos Paramilitares (Narco-Para);2
Puerto Berrío, Antioquia;6.4895388;-74.4047587;Pequeños Grupos Ilegales;2
Puerto Berrío, Quindío;6.4895388;-74.4047587;Nuevos Paramilitares (Narco-Para);1
Puerto Boyacá, Boyacá;5.975676699999999;-74.5922391;Nuevos Paramilitares (Narco-Para);2
Puerto Caicedo, Putumayo;0.6842064;-76.60416169999999;Guerrillas;1
Puerto Caidedo, Putumayo;0.6842064;-76.60416169999999;Nuevos Paramilitares (Narco-Para);2
Puerto Carreño, Vichada;6.1899117;-67.48256959999999;Guerrillas;2
Puerto Carreño, Vichada;6.1899117;-67.48256959999999;Paramilitares;1
Puerto Colombia, Atlántico;11.001004;-74.950761;Nuevos Paramilitares (Narco-Para);12
Puerto Colombia, Atlántico;11.001004;-74.950761;Paramilitares;4
Puerto Colombia, Atlántico;11.001004;-74.950761;Pequeños Grupos Ilegales;3
Puerto Concordia, Meta;2.6227918;-72.7598422;Guerrillas;20
Puerto Concordia, Meta;2.6227918;-72.7598422;Nuevos Paramilitares (Narco-Para);7
Puerto Concordia, Meta;2.6227918;-72.7598422;Paramilitares;18
Puerto Gaitán, Meta;4.3123762;-72.0826822;Guerrillas;4
Puerto Gaitán, Meta;4.3123762;-72.0826822;Nuevos Paramilitares (Narco-Para);4
Puerto Gaitán, Meta;4.3123762;-72.0826822;Paramilitares;1
Puerto Guzmán, Putumayo;0.96377;-76.40798099999999;Guerrillas;2
Puerto Guzmán, Putumayo;0.96377;-76.40798099999999;Paramilitares;1
Puerto Guzmán, Putumayo;0.96377;-76.40798099999999;Pequeños Grupos Ilegales;1
Puerto Leguízamo, Putumayo;-0.185957;-74.78366;Disidensias FARC;1
Puerto Leguízamo, Putumayo;-0.185957;-74.78366;Guerrillas;1
Puerto Libertador, Córdoba;7.8877104;-75.67099759999999;Guerrillas;6
Puerto Libertador, Córdoba;7.8877104;-75.67099759999999;Nuevos Paramilitares (Narco-Para);35
Puerto Libertador, Córdoba;7.8877104;-75.67099759999999;Paramilitares;2
Puerto Libertador, Córdoba;7.8877104;-75.67099759999999;Pequeños Grupos Ilegales;2
Puerto Lleras, Meta;3.272414;-73.369542;Guerrillas;19
Puerto Lleras, Meta;3.272414;-73.369542;Nuevos Paramilitares (Narco-Para);1
Puerto Lleras, Meta;3.272414;-73.369542;Paramilitares;4
Puerto Lleras, Meta;3.272414;-73.369542;Pequeños Grupos Ilegales;2
Puerto López, Meta;4.091354;-72.955918;Guerrillas;4
Puerto López, Meta;4.091354;-72.955918;Nuevos Paramilitares (Narco-Para);4
Puerto López, Meta;4.091354;-72.955918;Paramilitares;1
Puerto Nare, Antioquia;6.186497;-74.583726;Nuevos Paramilitares (Narco-Para);2
Puerto Nare, Antioquia;6.186497;-74.583726;Pequeños Grupos Ilegales;2
Puerto Rico, Caquetá;1.909918;-75.157235;Guerrillas;11
Puerto Rico, Caquetá;1.909918;-75.157235;Pequeños Grupos Ilegales;1
Puerto Rico, Meta;2.941214;-73.20746799999999;Guerrillas;19
Puerto Rico, Meta;2.941214;-73.20746799999999;Nuevos Paramilitares (Narco-Para);1
Puerto Rico, Meta;2.941214;-73.20746799999999;Paramilitares;4
Puerto Rico, Meta;2.941214;-73.20746799999999;Pequeños Grupos Ilegales;2
Puerto Rondón, Arauca;6.281167;-71.1047959;Guerrillas;11
Puerto Santander, Amazonas;-0.6218736;-72.3825557;Guerrillas;2
Puerto Santander, Norte de Santander;8.361323;-72.408389;Guerrillas;3
Puerto Santander, Norte de Santander;8.361323;-72.408389;Nuevos Paramilitares (Narco-Para);5
Puerto Santander, Santander;8.361323;-72.408389;Nuevos Paramilitares (Narco-Para);5
Puerto Santander, Santander;8.361323;-72.408389;Paramilitares;1
Quibdó, Chocó;5.695633;-76.649812;Guerrillas;1
Quibdó, Chocó;5.695633;-76.649812;Nuevos Paramilitares (Narco-Para);4
Quibdó, Chocó;5.695633;-76.649812;Paramilitares;3
Quibdó, Quindío;5.695633;-76.649812;Guerrillas;28
Quibdó, Quindío;5.695633;-76.649812;Nuevos Paramilitares (Narco-Para);43
Quibdó, Quindío;5.695633;-76.649812;Paramilitares;12
Quimbaya, Quindío;4.625907;-75.761865;Nuevos Paramilitares (Narco-Para);4
Quimbaya, Quindío;4.625907;-75.761865;Paramilitares;2
Quimbaya, Quindío;4.625907;-75.761865;Pequeños Grupos Ilegales;1
Quinchía, Risaralda;5.341119099999999;-75.73047559999999;Guerrillas;9
Quinchía, Risaralda;5.341119099999999;-75.73047559999999;Nuevos Paramilitares (Narco-Para);9
Quinchía, Risaralda;5.341119099999999;-75.73047559999999;Pequeños Grupos Ilegales;4
Qunidío, Quindío;4.4610191;-75.667356;Nuevos Paramilitares (Narco-Para);1
Qunidío, Quindío;4.4610191;-75.667356;Pequeños Grupos Ilegales;1
Remedios, Antioquia;7.0281273;-74.69360689999999;Guerrillas;2
Remedios, Antioquia;7.0281273;-74.69360689999999;Paramilitares;1
Remedios, Quindío;4.4610191;-75.667356;Guerrillas;1
Remedios, Quindío;4.4610191;-75.667356;Nuevos Paramilitares (Narco-Para);5
Remedios, Quindío;4.4610191;-75.667356;Paramilitares;3
Ricaurte, Tolima;4.277309;-74.77230500000002;Paramilitares;3
Rio Quito, Chocó;5.5380856;-76.7798172;Guerrillas;2
Rioblanco, Tolima;3.530079;-75.643671;Guerrillas;3
Rioblanco, Tolima;3.530079;-75.643671;Pequeños Grupos Ilegales;1
Riohacha, La Guajira;11.5384151;-72.91678379999999;Guerrillas;6
Riohacha, La Guajira;11.5384151;-72.91678379999999;Nuevos Paramilitares (Narco-Para);11
Riohacha, La Guajira;11.5384151;-72.91678379999999;Paramilitares;8
Riohacha, La Guajira;11.5384151;-72.91678379999999;Pequeños Grupos Ilegales;1
Riosucio, Caldas;5.420683899999999;-75.705388;Guerrillas;2
Riosucio, Caldas;5.420683899999999;-75.705388;Nuevos Paramilitares (Narco-Para);2
Riosucio, Caldas;5.420683899999999;-75.705388;Paramilitares;1
Riosucio, Chocó;7.437558799999999;-77.11333479999999;Guerrillas;9
Riosucio, Chocó;7.437558799999999;-77.11333479999999;Nuevos Paramilitares (Narco-Para);10
Riosucio, Chocó;7.437558799999999;-77.11333479999999;Paramilitares;3
Rioviejo, Bolívar;8.588396999999999;-73.84025799999999;Nuevos Paramilitares (Narco-Para);1
Risaralda, Risaralda;5.315847499999999;-75.9927652;Disidensias FARC;1
Risaralda, Risaralda;5.315847499999999;-75.9927652;Guerrillas;10
Risaralda, Risaralda;5.315847499999999;-75.9927652;Nuevos Paramilitares (Narco-Para);2
Risaralda, Risaralda;5.315847499999999;-75.9927652;Paramilitares;3
Risaralda, Risaralda;5.315847499999999;-75.9927652;Pequeños Grupos Ilegales;4
Roberto Payán, Nariño;1.718516;-78.25312;Guerrillas;11
Roberto Payán, Nariño;1.718516;-78.25312;Nuevos Paramilitares (Narco-Para);7
Roldanillo, Valle del Cauca;4.415473599999999;-76.1513942;Nuevos Paramilitares (Narco-Para);2
Río Quito, Chocó;5.5380856;-76.7798172;Nuevos Paramilitares (Narco-Para);3
Río Viejo, Bolívar;8.588396999999999;-73.84025799999999;Nuevos Paramilitares (Narco-Para);3
Ríoblanco, Tolima;3.530079;-75.643671;Guerrillas;5
Sabanas, Magdalena;10.3792953;-74.7056095;Nuevos Paramilitares (Narco-Para);2
Sabanas, Magdalena;10.3792953;-74.7056095;Paramilitares;2
Salento, Quindío;4.637365;-75.5703107;Guerrillas;4
Samaniego, Nariño;1.332614;-77.58615499999999;Guerrillas;6
Samaniego, Nariño;1.332614;-77.58615499999999;Nuevos Paramilitares (Narco-Para);5
Samaná, Caldas;5.413047;-74.99146390000001;Paramilitares;1
San Andrés de Cuerquía, Quindío;6.913245;-75.67555999999999;Guerrillas;2
San Andrés de Cuerquía, Quindío;6.913245;-75.67555999999999;Nuevos Paramilitares (Narco-Para);2
San Andrés de Cuerquía, Quindío;6.913245;-75.67555999999999;Paramilitares;1
San Andrés de Cuerquía, Quindío;6.913245;-75.67555999999999;Pequeños Grupos Ilegales;2
San Antero, Córdoba;9.374642;-75.758517;Nuevos Paramilitares (Narco-Para);12
San Antero, Córdoba;9.374642;-75.758517;Paramilitares;1
San Antero, Córdoba;9.374642;-75.758517;Pequeños Grupos Ilegales;4
San Benito Abad, Sucre;8.93159;-75.0308214;Guerrillas;1
San Benito Abad, Sucre;8.93159;-75.0308214;Nuevos Paramilitares (Narco-Para);1
San Benito, Sucre;8.93159;-75.0308214;Guerrillas;1
San Benito, Sucre;8.93159;-75.0308214;Nuevos Paramilitares (Narco-Para);1
San Bernardo del Viento, Córdoba;9.3525858;-75.9535815;Nuevos Paramilitares (Narco-Para);12
San Bernardo del Viento, Córdoba;9.3525858;-75.9535815;Paramilitares;1
San Bernardo del Viento, Córdoba;9.3525858;-75.9535815;Pequeños Grupos Ilegales;4
San Calixto, Norte de Santander;8.4015989;-73.2089979;Guerrillas;5
San Calixto, Norte de Santander;8.4015989;-73.2089979;Nuevos Paramilitares (Narco-Para);2
San Carlos, Córdoba;8.7946422;-75.6995195;Nuevos Paramilitares (Narco-Para);1
San Francisco, Quindío;4.5369;-75.67177;Paramilitares;1
San Jacinto del Cauca, Cauca;8.2314212;-74.7337069;Guerrillas;3
San Jacinto del Cauca, Cauca;8.2314212;-74.7337069;Nuevos Paramilitares (Narco-Para);2
San Jacinto del Cauca, Cauca;8.2314212;-74.7337069;Pequeños Grupos Ilegales;1
San Jacinto, Bolívar;9.8297142;-75.12294899999999;Nuevos Paramilitares (Narco-Para);1
San José de Uré, Córdoba;7.787317900000001;-75.53590609999999;Guerrillas;1
San José de Uré, Córdoba;7.787317900000001;-75.53590609999999;Nuevos Paramilitares (Narco-Para);3
San José del Fragua, Caquetá;1.3315742;-75.9733147;Guerrillas;1
San José del Fragua, Caquetá;1.3315742;-75.9733147;Nuevos Paramilitares (Narco-Para);3
San José del Fragua, Caquetá;1.3315742;-75.9733147;Paramilitares;4
San José del Guaviare, Guaviare;2.5677606;-72.6396535;Guerrillas;3
San José del Guaviare, Guaviare;2.5677606;-72.6396535;Nuevos Paramilitares (Narco-Para);1
San José del Guaviare, Guaviare;2.5677606;-72.6396535;Paramilitares;1
San José del Guaviare, Guaviare;2.5677606;-72.6396535;Pequeños Grupos Ilegales;1
San José del Guaviare, Meta;2.5677606;-72.6396535;Guerrillas;14
San José del Guaviare, Meta;2.5677606;-72.6396535;Nuevos Paramilitares (Narco-Para);5
San José del Guaviare, Meta;2.5677606;-72.6396535;Paramilitares;13
San José del Guavire, Meta;2.5677606;-72.6396535;Guerrillas;4
San José del Guavire, Meta;2.5677606;-72.6396535;Paramilitares;2
San José del Palmar, Chocó;4.97262;-76.22922;Disidensias FARC;5
San José del Palmar, Chocó;4.97262;-76.22922;Guerrillas;15
San José del Palmar, Chocó;4.97262;-76.22922;Paramilitares;1
San José del Palmar, Chocó;4.97262;-76.22922;Pequeños Grupos Ilegales;1
San José, Caquetá;1.36056;-75.94908099999999;Nuevos Paramilitares (Narco-Para);1
San José, Chocó;4.222589999999999;-77.09631999999999;Disidensias FARC;2
San José, Chocó;4.222589999999999;-77.09631999999999;Guerrillas;5
San José, Meta;3.986680375727126;-73.77348313869281;Guerrillas;7
San José, Meta;3.986680375727126;-73.77348313869281;Paramilitares;3
San Juan Nepomuceno, Bolívar;9.95114;-75.083828;Nuevos Paramilitares (Narco-Para);1
San Marcos, Sucre;8.663761;-75.13268289999999;Guerrillas;1
San Marcos, Sucre;8.663761;-75.13268289999999;Nuevos Paramilitares (Narco-Para);1
San Martín, Meta;3.698492;-73.697308;Nuevos Paramilitares (Narco-Para);4
San Martín, Meta;3.698492;-73.697308;Guerrillas;5
San Martín, Meta;3.698492;-73.697308;Nuevos Paramilitares (Narco-Para);6
San Martín, Meta;3.698492;-73.697308;Paramilitares;3
San Martín, Meta;3.698492;-73.697308;Pequeños Grupos Ilegales;3
San Miguel, Putumayo;0.33002;-76.87635999999999;Guerrillas;12
San Miguel, Putumayo;0.33002;-76.87635999999999;Nuevos Paramilitares (Narco-Para);4
San Miguel, Putumayo;0.33002;-76.87635999999999;Paramilitares;4
San Miguel, Putumayo;0.33002;-76.87635999999999;Pequeños Grupos Ilegales;7
San Onofre, Sucre;9.74084;-75.519872;Nuevos Paramilitares (Narco-Para);14
San Onofre, Sucre;9.74084;-75.519872;Paramilitares;3
San Onofre, Sucre;9.74084;-75.519872;Pequeños Grupos Ilegales;3
San Pablo, Bolívar;7.477887;-73.92410799999999;Guerrillas;7
San Pablo, Bolívar;7.477887;-73.92410799999999;Nuevos Paramilitares (Narco-Para);1
San Pablo, Bolívar;7.477887;-73.92410799999999;Paramilitares;1
San Pablo, Bolívar;7.477887;-73.92410799999999;Pequeños Grupos Ilegales;1
San Sebastián, Magdalena;9.2389289;-74.3500155;Nuevos Paramilitares (Narco-Para);4
San Vicente del Caguán, Caquetá;2.1136446;-74.7732056;Guerrillas;9
San Vicente del Caguán, Meta;2.1136446;-74.7732056;Guerrillas;2
Santa Bárbara, Nariño;2.4505212;-77.98026930000002;Guerrillas;5
Santa Bárbara, Nariño;2.4505212;-77.98026930000002;Nuevos Paramilitares (Narco-Para);12
Santa Bárbara, Nariño;2.4505212;-77.98026930000002;Pequeños Grupos Ilegales;2
Santa Marta, Magdalena;11.2403547;-74.2110227;Guerrillas;1
Santa Marta, Magdalena;11.2403547;-74.2110227;Nuevos Paramilitares (Narco-Para);1
Santa Marta, Magdalena;11.2403547;-74.2110227;Paramilitares;1
Santa Marta, Magdalena;11.2403547;-74.2110227;Pequeños Grupos Ilegales;9
Santa Rosa de Osos, Risaralda;5.315847499999999;-75.9927652;Guerrillas;1
Santa Rosa de Osos, Risaralda;5.315847499999999;-75.9927652;Paramilitares;2
Santa Rosa del Sur, Bolívar;7.9630638;-74.05097479999999;Guerrillas;6
Santa Rosa del Sur, Bolívar;7.9630638;-74.05097479999999;Nuevos Paramilitares (Narco-Para);1
Santa Rosa, Bolívar;10.445791;-75.368501;Guerrillas;3
Santa Rosa, Bolívar;10.445791;-75.368501;Paramilitares;1
Santa Rosa, Risaralda;4.870121;-75.62239;Guerrillas;1
Santa Rosa, Risaralda;4.870121;-75.62239;Paramilitares;2
Santa Rosalía, Vichada;5.135381;-70.86496090000001;Guerrillas;1
Santa Rosalía, Vichada;5.135381;-70.86496090000001;Paramilitares;1
Santacruz, Nariño;1.51723;-77.25113999999999;Guerrillas;6
Santacruz, Nariño;1.51723;-77.25113999999999;Nuevos Paramilitares (Narco-Para);5
Santander de Quilichao, Cauca;3.0090132;-76.48630469999999;Guerrillas;4
Santiago de Tolú, Sucre;9.527477;-75.5812215;Nuevos Paramilitares (Narco-Para);9
Santiago de Tolú, Sucre;9.527477;-75.5812215;Pequeños Grupos Ilegales;1
Sarave, Arauca;6.956106999999999;-71.87259499999999;Guerrillas;2
Saravena, Arauca;6.956106999999999;-71.87259499999999;Disidensias FARC;1
Saravena, Arauca;6.956106999999999;-71.87259499999999;Guerrillas;22
Saravena, Arauca;6.956106999999999;-71.87259499999999;Paramilitares;2
Sardinata, Norte de Santander;8.085092;-72.799937;Guerrillas;3
Segovia, Antioquia;7.079743499999999;-74.7004374;Guerrillas;2
Segovia, Antioquia;7.079743499999999;-74.7004374;Paramilitares;1
Segovia, Quindío;4.4610191;-75.667356;Guerrillas;1
Segovia, Quindío;4.4610191;-75.667356;Nuevos Paramilitares (Narco-Para);5
Segovia, Quindío;4.4610191;-75.667356;Paramilitares;3
Sevilla, Valle del Cauca;4.2743779;-75.931004;Guerrillas;1
Sibaté, Cundinamarca;4.491196;-74.2593771;Nuevos Paramilitares (Narco-Para);2
Sibaté, Cundinamarca;4.491196;-74.2593771;Paramilitares;1
Sibaté, Cundinamarca;4.491196;-74.2593771;Pequeños Grupos Ilegales;4
Silvania, Cundinamarca;4.3867287;-74.3994432;Guerrillas;2
Silvania, Cundinamarca;4.3867287;-74.3994432;Nuevos Paramilitares (Narco-Para);8
Silvania, Cundinamarca;4.3867287;-74.3994432;Paramilitares;1
Silvia, Cauca;2.611615;-76.37754;Guerrillas;12
Simití, Bolívar;7.957151;-73.946404;Guerrillas;5
Simití, Bolívar;7.957151;-73.946404;Nuevos Paramilitares (Narco-Para);2
Simití, Bolívar;7.957151;-73.946404;Paramilitares;1
Sincelejo, Sucre;9.3045773;-75.39055669999999;Nuevos Paramilitares (Narco-Para);1
Sincelejo, Sucre;9.3045773;-75.39055669999999;Paramilitares;2
Sipí, Chocó;4.65306;-76.64417;Guerrillas;7
Sipí, Chocó;4.65306;-76.64417;Nuevos Paramilitares (Narco-Para);12
Sipí, Chocó;4.65306;-76.64417;Paramilitares;5
Soacha, Cundinamarca;4.5827227;-74.21174649999999;Guerrillas;12
Soacha, Cundinamarca;4.5827227;-74.21174649999999;Nuevos Paramilitares (Narco-Para);49
Soacha, Cundinamarca;4.5827227;-74.21174649999999;Paramilitares;43
Soacha, Cundinamarca;4.5827227;-74.21174649999999;Pequeños Grupos Ilegales;14
Solano, Caquetá;0.699152;-75.25355499999999;Guerrillas;7
Soledad, Atlántico;10.9215472;-74.7688173;Nuevos Paramilitares (Narco-Para);12
Soledad, Atlántico;10.9215472;-74.7688173;Paramilitares;4
Soledad, Atlántico;10.9215472;-74.7688173;Pequeños Grupos Ilegales;3
Sucre, Sucre;8.916538147248733;-74.72682304315609;Guerrillas;2
Sucre, Sucre;8.916538147248733;-74.72682304315609;Nuevos Paramilitares (Narco-Para);2
Sucre, Sucre;8.916538147248733;-74.72682304315609;Paramilitares;1
Sumapaz, Tolima;4.112506545093167;-74.5813021227584;Guerrillas;4
Sumapaz, Tolima;4.112506545093167;-74.5813021227584;Nuevos Paramilitares (Narco-Para);3
Supía, Caldas;5.45589;-75.65040100000002;Guerrillas;2
Supía, Caldas;5.45589;-75.65040100000002;Nuevos Paramilitares (Narco-Para);2
Sácama, Casanare;6.098996;-72.248193;Guerrillas;11
Sácama, Nariño;6.098996;-72.248193;Guerrillas;4
Tadó, Chocó;5.2649419;-76.55943300000001;Guerrillas;4
Tadó, Chocó;5.2649419;-76.55943300000001;Nuevos Paramilitares (Narco-Para);2
Tadó, Chocó;5.2649419;-76.55943300000001;Paramilitares;1
Tadó, Córdoba;5.2649419;-76.55943300000001;Guerrillas;1
Tadó, Córdoba;5.2649419;-76.55943300000001;Nuevos Paramilitares (Narco-Para);2
Tadó, Córdoba;5.2649419;-76.55943300000001;Pequeños Grupos Ilegales;2
Tadó, Risaralda;5.315847499999999;-75.9927652;Guerrillas;2
Tadó, Risaralda;5.315847499999999;-75.9927652;Paramilitares;1
Tamalameque, Magdalena;10.33333;-74.54198;Nuevos Paramilitares (Narco-Para);4
Tame, Arauca;6.4586679;-71.73477369999999;Disidensias FARC;1
Tame, Arauca;6.4586679;-71.73477369999999;Guerrillas;22
Tame, Arauca;6.4586679;-71.73477369999999;Nuevos Paramilitares (Narco-Para);1
Tame, Arauca;6.4586679;-71.73477369999999;Paramilitares;1
Taraira, Vaupés;-0.5644218999999999;-69.63385339999999;Guerrillas;8
Tarazá, Antioquia;7.583190999999999;-75.39996599999999;Nuevos Paramilitares (Narco-Para);1
Tarazá, Cauca;7.583190999999999;-75.39996599999999;Guerrillas;1
Tarazá, Cauca;7.583190999999999;-75.39996599999999;Nuevos Paramilitares (Narco-Para);3
Tello, Huila;3.0673499;-75.1381059;Guerrillas;1
Tello, Huila;3.0673499;-75.1381059;Pequeños Grupos Ilegales;1
Teorama, Norte de Santander;8.437521;-73.2869429;Disidensias FARC;1
Teorama, Norte de Santander;8.437521;-73.2869429;Guerrillas;4
Teorama, Norte de Santander;8.437521;-73.2869429;Nuevos Paramilitares (Narco-Para);2
Tibú, Norte de Santander;8.642356;-72.73773299999999;Guerrillas;11
Tibú, Norte de Santander;8.642356;-72.73773299999999;Nuevos Paramilitares (Narco-Para);1
Tibú, Norte de Santander;8.642356;-72.73773299999999;Paramilitares;1
Tibú, Norte de Santander;8.642356;-72.73773299999999;Pequeños Grupos Ilegales;1
Tierralta, Córdoba;8.171571;-76.062313;Guerrillas;6
Tierralta, Córdoba;8.171571;-76.062313;Nuevos Paramilitares (Narco-Para);14
Tierralta, Córdoba;8.171571;-76.062313;Paramilitares;3
Tierralta, Córdoba;8.171571;-76.062313;Pequeños Grupos Ilegales;3
Timbiquí, Quindío;2.777744;-77.66760599999999;Guerrillas;1
Timbiquí, Quindío;2.777744;-77.66760599999999;Nuevos Paramilitares (Narco-Para);1
Tiquisio, Bolívar;8.5555864;-74.26470429999999;Guerrillas;4
Tiquisio, Bolívar;8.5555864;-74.26470429999999;Nuevos Paramilitares (Narco-Para);4
Tiquisio, Bolívar;8.5555864;-74.26470429999999;Pequeños Grupos Ilegales;1
Tiquisio, Norte de Santander;8.5555864;-74.26470429999999;Guerrillas;1
Tiquisio, Norte de Santander;8.5555864;-74.26470429999999;Nuevos Paramilitares (Narco-Para);2
Toledo, Quindío;4.4610191;-75.667356;Guerrillas;2
Toledo, Quindío;4.4610191;-75.667356;Nuevos Paramilitares (Narco-Para);2
Toledo, Quindío;4.4610191;-75.667356;Paramilitares;1
Toledo, Quindío;4.4610191;-75.667356;Pequeños Grupos Ilegales;1
Tolu, Sucre;9.527477;-75.5812215;Paramilitares;2
Toluviejo, Sucre;9.452849;-75.4391349;Paramilitares;1
Tolú, Sucre;9.527477;-75.5812215;Nuevos Paramilitares (Narco-Para);3
Tolú, Sucre;9.527477;-75.5812215;Paramilitares;1
Tolú, Sucre;9.527477;-75.5812215;Pequeños Grupos Ilegales;1
Toribio, Cauca;2.9562909;-76.2704;Guerrillas;15
Toribio, Cauca;2.9562909;-76.2704;Nuevos Paramilitares (Narco-Para);1
Trujillo, Valle del Cauca;4.211646;-76.3187681;Nuevos Paramilitares (Narco-Para);6
Trujillo, Valle del Cauca;4.211646;-76.3187681;Pequeños Grupos Ilegales;1
Tuluá, Valle del Cauca;4.089869;-76.1914991;Guerrillas;4
Tuluá, Valle del Cauca;4.089869;-76.1914991;Nuevos Paramilitares (Narco-Para);6
Tuluá, Valle del Cauca;4.089869;-76.1914991;Pequeños Grupos Ilegales;2
Tumaco, Nariño;1.787434;-78.791265;Guerrillas;13
Tumaco, Nariño;1.787434;-78.791265;Nuevos Paramilitares (Narco-Para);6
Turbaco, Bolívar;10.334638;-75.412672;Nuevos Paramilitares (Narco-Para);2
Turbaco, Bolívar;10.334638;-75.412672;Paramilitares;1
Turbaco, Bolívar;10.334638;-75.412672;Pequeños Grupos Ilegales;2
Turbo, Quindío;4.4610191;-75.667356;Guerrillas;5
Turbo, Quindío;4.4610191;-75.667356;Nuevos Paramilitares (Narco-Para);6
Turbo, Quindío;4.4610191;-75.667356;Paramilitares;4
Támara, Casanare;5.83034;-72.163056;Guerrillas;3
Umbita, Nariño;5.22138;-73.45687;Guerrillas;6
Umbita, Nariño;5.22138;-73.45687;Nuevos Paramilitares (Narco-Para);5
Unguía, Chocó;8.041038799999999;-77.093099;Guerrillas;2
Unguía, Chocó;8.041038799999999;-77.093099;Nuevos Paramilitares (Narco-Para);8
Unguía, Chocó;8.041038799999999;-77.093099;Paramilitares;5
Uramita, Antioquia;6.899406;-76.17451489999999;Guerrillas;2
Uribe, Meta;3.239241;-74.350661;Guerrillas;9
Uribia, La Guajira;11.7149978;-72.26593910000001;Nuevos Paramilitares (Narco-Para);1
Uribia, La Guajira;11.7149978;-72.26593910000001;Paramilitares;1
Urrao, Antioquia;6.313860999999999;-76.13181;Guerrillas;2
Urrao, Antioquia;6.313860999999999;-76.13181;Nuevos Paramilitares (Narco-Para);1
Urrao, Antioquia;6.313860999999999;-76.13181;Pequeños Grupos Ilegales;1
Valaparaiso, Caquetá;1.1951639;-75.70532399999999;Guerrillas;1
Valdivia, Valle del Cauca;3.8008893;-76.64127119999999;Guerrillas;4
Valdivia, Valle del Cauca;3.8008893;-76.64127119999999;Nuevos Paramilitares (Narco-Para);2
Valencia, Córdoba;8.2009388;-76.2247366;Nuevos Paramilitares (Narco-Para);4
Valencia, Valle del Cauca;3.8008893;-76.64127119999999;Nuevos Paramilitares (Narco-Para);1
Valencia, Valle del Cauca;3.8008893;-76.64127119999999;Paramilitares;1
Valencia, Valle del Cauca;3.8008893;-76.64127119999999;Pequeños Grupos Ilegales;1
Valle de Guamuez, Putumayo;0.4015861;-76.7798172;Guerrillas;1
Valle del Guamuez, Putumayo;0.4015861;-76.7798172;Guerrillas;4
Valle del Guamuez, Putumayo;0.4015861;-76.7798172;Pequeños Grupos Ilegales;6
Valledupar, Cesar;10.4742449;-73.2436335;Nuevos Paramilitares (Narco-Para);2
Valledupar, Cesar;10.4742449;-73.2436335;Paramilitares;5
Valledupar, Cesar;10.4742449;-73.2436335;Pequeños Grupos Ilegales;1
Valledupar, Valle del Cauca;4.18049;-77.16171;Guerrillas;1
ValparaísoAlbania, Caquetá;0.869892;-73.8419063;Nuevos Paramilitares (Narco-Para);2
ValparaísoAlbania, Caquetá;0.869892;-73.8419063;Paramilitares;4
Vaupés, Vaupés;0.8553561;-70.81199529999999;Disidensias FARC;1
Vaupés, Vaupés;0.8553561;-70.81199529999999;Guerrillas;1
Venecia, Cundinamarca;4.089014;-74.4779102;Guerrillas;2
Venecia, Cundinamarca;4.089014;-74.4779102;Nuevos Paramilitares (Narco-Para);9
Venecia, Cundinamarca;4.089014;-74.4779102;Paramilitares;7
Vigía del Fuerte, Chocó;6.588654099999999;-76.896277;Guerrillas;21
Vigía del Fuerte, Quindío;6.588654099999999;-76.896277;Guerrillas;2
Villa de Rosario, Norte de Santander;7.8437879;-72.46968970000002;Guerrillas;2
Villa de Rosario, Norte de Santander;7.8437879;-72.46968970000002;Nuevos Paramilitares (Narco-Para);7
Villa de Rosario, Norte de Santander;7.8437879;-72.46968970000002;Paramilitares;1
Villa de Rosario, Norte de Santander;7.8437879;-72.46968970000002;Pequeños Grupos Ilegales;1
Villa del Rosario, Norte de Santander;7.8437879;-72.46968970000002;Guerrillas;1
Villa del Rosario, Norte de Santander;7.8437879;-72.46968970000002;Nuevos Paramilitares (Narco-Para);2
Villa del Rosario, Santander;7.8437879;-72.46968970000002;Nuevos Paramilitares (Narco-Para);5
Villa del Rosario, Santander;7.8437879;-72.46968970000002;Paramilitares;1
Villahermosa, Tolima;5.029564;-75.1168256;Guerrillas;1
Villahermosa, Tolima;5.029564;-75.1168256;Paramilitares;1
Villavicencio, Meta;4.1491688;-73.6285475;Guerrillas;2
Villavicencio, Meta;4.1491688;-73.6285475;Nuevos Paramilitares (Narco-Para);1
Villavicencio, Meta;4.1491688;-73.6285475;Paramilitares;1
Vista Hermosa, Meta;3.127883;-73.752512;Guerrillas;19
Vista Hermosa, Meta;3.127883;-73.752512;Nuevos Paramilitares (Narco-Para);1
Vista Hermosa, Meta;3.127883;-73.752512;Paramilitares;4
Vista Hermosa, Meta;3.127883;-73.752512;Pequeños Grupos Ilegales;2
Yarumal, Antioquia;6.961969;-75.4190689;Nuevos Paramilitares (Narco-Para);4
Yarumal, Antioquia;6.961969;-75.4190689;Paramilitares;1
Yavaraté, Vaupés;0.6150599999999999;-69.2080299;Guerrillas;8
Yondó, Bolívar;6.951009099999999;-74.1709702;Guerrillas;1
Yondó, Quindío;6.951009099999999;-74.1709702;Guerrillas;3
Yondó, Quindío;6.951009099999999;-74.1709702;Pequeños Grupos Ilegales;1
Yopal, Casanare;5.348903;-72.40052299999999;Guerrillas;4
Yopal, Casanare;5.348903;-72.40052299999999;Nuevos Paramilitares (Narco-Para);3
Zaragoza, Cauca;2.20849;-77.8288199;Guerrillas;1
Zaragoza, Cauca;2.20849;-77.8288199;Nuevos Paramilitares (Narco-Para);3
Zaragoza, Quindío;4.4610191;-75.667356;Guerrillas;2
Zaragoza, Quindío;4.4610191;-75.667356;Nuevos Paramilitares (Narco-Para);5
Zaragoza, Quindío;4.4610191;-75.667356;Paramilitares;5
Zona Bananera, Magdalena;10.7922447;-74.1709702;Nuevos Paramilitares (Narco-Para);1
Zona Bananera, Magdalena;10.7922447;-74.1709702;Paramilitares;2
Zona Bananera, Magdalena;10.7922447;-74.1709702;Pequeños Grupos Ilegales;11
nan, Antioquia;6.2476598;-75.565816;Guerrillas;2
nan, Norte de Santander;7.9462831;-72.8988069;Pequeños Grupos Ilegales;13
