Id;Type
Nariño;Departamento
reclutamiento forzado;Estrategia
Nariño;Departamento
reclutamiento forzado;Estrategia
Córdoba;Departamento
reclutamiento forzado;Estrategia
Córdoba;Departamento
regalos o promesas o protección;Estrategia
Córdoba;Departamento
vinculación sentimental/sexual;Estrategia
Arauca;Departamento
reclutamiento forzado;Estrategia
Meta;Departamento
reclutamiento forzado;Estrategia
Meta;Departamento
penetración de centros educativos;Estrategia
Cundinamarca;Departamento
consumo de drogas;Estrategia
Cundinamarca;Departamento
reclutamiento forzado;Estrategia
Antioquia;Departamento
violencia;Estrategia
Chocó;Departamento
reclutamiento forzado;Estrategia
Chocó;Departamento
persuación de incorporación voluntaria y adoctrinamiento;Estrategia
Arauca;Departamento
no data;Estrategia
Norte de Santander;Departamento
no data;Estrategia
Antioquia;Departamento
no data;Estrategia
Atlántico;Departamento
consumo de drogas;Estrategia
Atlántico;Departamento
actividades lúdicas y recreativas;Estrategia
Atlántico;Departamento
penetración de centros educativos;Estrategia
Bolívar;Departamento
regalos o promesas o protección;Estrategia
Córdoba;Departamento
no data;Estrategia
Putumayo;Departamento
reclutamiento forzado;Estrategia
Putumayo;Departamento
regalos o promesas o protección;Estrategia
Putumayo;Departamento
desaparición forzada;Estrategia
Putumayo;Departamento
persuación de incorporación voluntaria y adoctrinamiento;Estrategia
Chocó;Departamento
apoyo a actividades/bandas criminales;Estrategia
Chocó;Departamento
presión;Estrategia
Countrywide;Departamento
consumo de drogas;Estrategia
Countrywide;Departamento
violencia;Estrategia
Antioquia;Departamento
no data;Estrategia
Bogotá;Departamento
violencia;Estrategia
Bogotá;Departamento
apoyo a actividades/bandas criminales;Estrategia
Bogotá;Departamento
presión;Estrategia
Cauca;Departamento
violencia;Estrategia
Cauca;Departamento
presión;Estrategia
Vaupés;Departamento
presión;Estrategia
Vaupés;Departamento
reclutamiento forzado;Estrategia
Vaupés;Departamento
desaparición forzada;Estrategia
Vaupés;Departamento
persuación de incorporación voluntaria y adoctrinamiento;Estrategia
Cauca;Departamento
reclutamiento forzado;Estrategia
Cauca;Departamento
consumo de drogas;Estrategia
Cauca;Departamento
apoyo a actividades/bandas criminales;Estrategia
Huila;Departamento
no data;Estrategia
Valle del Cauca;Departamento
no data;Estrategia
Putumayo;Departamento
reclutamiento forzado;Estrategia
Norte de Santander;Departamento
violencia;Estrategia
Norte de Santander;Departamento
regalos o promesas o protección;Estrategia
Norte de Santander;Departamento
desaparición forzada;Estrategia
Antioquia;Departamento
violencia;Estrategia
Antioquia;Departamento
presión;Estrategia
Meta;Departamento
reclutamiento forzado;Estrategia
Meta;Departamento
persuación de incorporación voluntaria y adoctrinamiento;Estrategia
Meta;Departamento
presión;Estrategia
Meta;Departamento
violencia;Estrategia
Meta;Departamento
presión;Estrategia
Nariño;Departamento
reclutamiento forzado;Estrategia
Magdalena;Departamento
no data;Estrategia
San Andrés y Providencia;Departamento
consumo de drogas;Estrategia
Meta;Departamento
no data;Estrategia
Antioquia;Departamento
no data;Estrategia
Meta;Departamento
apoyo a actividades/bandas criminales;Estrategia
Meta;Departamento
regalos o promesas o protección;Estrategia
Valle del Cauca;Departamento
no data;Estrategia
Antioquia;Departamento
no data;Estrategia
Antioquia;Departamento
regalos o promesas o protección;Estrategia
Antioquia;Departamento
actividades lúdicas y recreativas;Estrategia
Putumayo;Departamento
vinculación sentimental/sexual;Estrategia
Putumayo;Departamento
persuación de incorporación voluntaria y adoctrinamiento;Estrategia
Putumayo;Departamento
presión;Estrategia
Putumayo;Departamento
reclutamiento forzado;Estrategia
Putumayo;Departamento
regalos o promesas o protección;Estrategia
Putumayo;Departamento
penetración de centros educativos;Estrategia
Valle del Cauca;Departamento
no data;Estrategia
Bolívar;Departamento
reclutamiento forzado;Estrategia
Guaviare;Departamento
reclutamiento forzado;Estrategia
Valle del Cauca;Departamento
no data;Estrategia
Antioquia;Departamento
violencia;Estrategia
Antioquia;Departamento
regalos o promesas o protección;Estrategia
Antioquia;Departamento
persuación de incorporación voluntaria y adoctrinamiento;Estrategia
Antioquia;Departamento
presión;Estrategia
Córdoba;Departamento
no data;Estrategia
Sucre;Departamento
reclutamiento forzado;Estrategia
Sucre;Departamento
apoyo a actividades/bandas criminales;Estrategia
Sucre;Departamento
regalos o promesas o protección;Estrategia
Cundinamarca;Departamento
no data;Estrategia
Huila;Departamento
regalos o promesas o protección;Estrategia
Antioquia;Departamento
reclutamiento forzado;Estrategia
Antioquia;Departamento
violencia;Estrategia
Antioquia;Departamento
desaparición forzada;Estrategia
Antioquia;Departamento
presión;Estrategia
Meta;Departamento
reclutamiento forzado;Estrategia
Chocó;Departamento
reclutamiento forzado;Estrategia
Cauca;Departamento
reclutamiento forzado;Estrategia
Chocó;Departamento
regalos o promesas o protección;Estrategia
Chocó;Departamento
regalos o promesas o protección;Estrategia
Nariño;Departamento
penetración de centros educativos;Estrategia
Nariño;Departamento
desaparición forzada;Estrategia
Córdoba;Departamento
no data;Estrategia
Nariño;Departamento
no data;Estrategia
Chocó;Departamento
no data;Estrategia
Valle del Cauca;Departamento
penetración de centros educativos;Estrategia
Valle del Cauca;Departamento
desaparición forzada;Estrategia
Casanare;Departamento
violencia;Estrategia
Casanare;Departamento
presión;Estrategia
Casanare;Departamento
persuación de incorporación voluntaria y adoctrinamiento;Estrategia
Antioquia;Departamento
reclutamiento forzado;Estrategia
Antioquia;Departamento
presión;Estrategia
Casanare;Departamento
no data;Estrategia
Valle del Cauca;Departamento
no data;Estrategia
Nariño;Departamento
reclutamiento forzado;Estrategia
Nariño;Departamento
apoyo a actividades/bandas criminales;Estrategia
Arauca;Departamento
reclutamiento forzado;Estrategia
Arauca;Departamento
féminas como objetivo de reclutamiento/violencia;Estrategia
Nariño;Departamento
consumo de drogas;Estrategia
Nariño;Departamento
regalos o promesas o protección;Estrategia
Córdoba;Departamento
vinculación sentimental/sexual;Estrategia
Caldas;Departamento
apoyo a actividades/bandas criminales;Estrategia
Valle del Cauca;Departamento
apoyo a actividades/bandas criminales;Estrategia
Valle del Cauca;Departamento
persuación de incorporación voluntaria y adoctrinamiento;Estrategia
Valle del Cauca;Departamento
presión;Estrategia
Valle del Cauca;Departamento
reclutamiento forzado;Estrategia
Valle del Cauca;Departamento
violencia;Estrategia
Bogotá;Departamento
consumo de drogas;Estrategia
Bogotá;Departamento
apoyo a actividades/bandas criminales;Estrategia
Bogotá;Departamento
regalos o promesas o protección;Estrategia
Bogotá;Departamento
presión;Estrategia
Meta;Departamento
reclutamiento forzado;Estrategia
Meta;Departamento
presión;Estrategia
Valle del Cauca;Departamento
regalos o promesas o protección;Estrategia
Valle del Cauca;Departamento
presión;Estrategia
Cauca;Departamento
no data;Estrategia
Bolívar;Departamento
consumo de drogas;Estrategia
Bolívar;Departamento
presión;Estrategia
Guaviare;Departamento
reclutamiento forzado;Estrategia
Guaviare;Departamento
regalos o promesas o protección;Estrategia
Guaviare;Departamento
desaparición forzada;Estrategia
Guaviare;Departamento
presión;Estrategia
Valle del Cauca;Departamento
regalos o promesas o protección;Estrategia
Valle del Cauca;Departamento
reclutamiento forzado;Estrategia
Valle del Cauca;Departamento
apoyo a actividades/bandas criminales;Estrategia
Valle del Cauca;Departamento
regalos o promesas o protección;Estrategia
Valle del Cauca;Departamento
persuación de incorporación voluntaria y adoctrinamiento;Estrategia
Antioquia;Departamento
persuación de incorporación voluntaria y adoctrinamiento;Estrategia
Antioquia;Departamento
presión;Estrategia
Cauca;Departamento
féminas como objetivo de reclutamiento/violencia;Estrategia
Cauca;Departamento
presión;Estrategia
Norte de Santander;Departamento
no data;Estrategia
Bolívar;Departamento
violencia;Estrategia
Bolívar;Departamento
regalos o promesas o protección;Estrategia
Bolívar;Departamento
presión;Estrategia
Bolívar;Departamento
persuación de incorporación voluntaria y adoctrinamiento;Estrategia
Chocó;Departamento
consumo de drogas;Estrategia
Tolima;Departamento
no data;Estrategia
Chocó;Departamento
no data;Estrategia
Bolívar;Departamento
persuación de incorporación voluntaria y adoctrinamiento;Estrategia
Bolívar;Departamento
presión;Estrategia
Caldas;Departamento
no data;Estrategia
Valle del Cauca;Departamento
no data;Estrategia
Norte de Santander;Departamento
regalos o promesas o protección;Estrategia
Norte de Santander;Departamento
penetración de centros educativos;Estrategia
Norte de Santander;Departamento
vinculación sentimental/sexual;Estrategia
Chocó;Departamento
no data;Estrategia
Risaralda;Departamento
no data;Estrategia
Antioquia;Departamento
presión;Estrategia
Antioquia;Departamento
regalos o promesas o protección;Estrategia
Antioquia;Departamento
persuación de incorporación voluntaria y adoctrinamiento;Estrategia
Antioquia;Departamento
actividades lúdicas y recreativas;Estrategia
Arauca;Departamento
no data;Estrategia
Cauca;Departamento
regalos o promesas o protección;Estrategia
Countrywide;Departamento
consumo de drogas;Estrategia
Antioquia;Departamento
reclutamiento forzado;Estrategia
Norte de Santander;Departamento
apoyo a actividades/bandas criminales;Estrategia
Norte de Santander;Departamento
presión;Estrategia
Chocó;Departamento
no data;Estrategia
La Guajira;Departamento
reclutamiento forzado;Estrategia
La Guajira;Departamento
regalos o promesas o protección;Estrategia
La Guajira;Departamento
féminas como objetivo de reclutamiento/violencia;Estrategia
La Guajira;Departamento
actividades lúdicas y recreativas;Estrategia
Putumayo;Departamento
no data;Estrategia
Meta;Departamento
reclutamiento forzado;Estrategia
Tolima;Departamento
apoyo a actividades/bandas criminales;Estrategia
Magdalena;Departamento
apoyo a actividades/bandas criminales;Estrategia
Magdalena;Departamento
reclutamiento forzado;Estrategia
Magdalena;Departamento
regalos o promesas o protección;Estrategia
Magdalena;Departamento
féminas como objetivo de reclutamiento/violencia;Estrategia
Nariño;Departamento
reclutamiento forzado;Estrategia
Nariño;Departamento
apoyo a actividades/bandas criminales;Estrategia
Bogotá;Departamento
no data;Estrategia
Tolima;Departamento
persuación de incorporación voluntaria y adoctrinamiento;Estrategia
Cauca;Departamento
apoyo a actividades/bandas criminales;Estrategia
Cauca;Departamento
regalos o promesas o protección;Estrategia
Quindío;Departamento
apoyo a actividades/bandas criminales;Estrategia
Quindío;Departamento
regalos o promesas o protección;Estrategia
Quindío;Departamento
penetración de centros educativos;Estrategia
Casanare;Departamento
regalos o promesas o protección;Estrategia
Casanare;Departamento
presión;Estrategia
Antioquia;Departamento
apoyo a actividades/bandas criminales;Estrategia
Antioquia;Departamento
regalos o promesas o protección;Estrategia
Córdoba;Departamento
reclutamiento forzado;Estrategia
Cauca;Departamento
no data;Estrategia
Guainía;Departamento
reclutamiento forzado;Estrategia
Guainía;Departamento
féminas como objetivo de reclutamiento/violencia;Estrategia
Guainía;Departamento
presión;Estrategia
Nariño;Departamento
desaparición forzada;Estrategia
Nariño;Departamento
presión;Estrategia
Bolívar;Departamento
apoyo a actividades/bandas criminales;Estrategia
Bolívar;Departamento
regalos o promesas o protección;Estrategia
Bolívar;Departamento
féminas como objetivo de reclutamiento/violencia;Estrategia
Sucre;Departamento
regalos o promesas o protección;Estrategia
Sucre;Departamento
féminas como objetivo de reclutamiento/violencia;Estrategia
Antioquia;Departamento
missing;Estrategia
Bolívar;Departamento
missing;Estrategia
Caquetá;Departamento
missing;Estrategia
Chocó;Departamento
missing;Estrategia
Cauca;Departamento
no data;Estrategia
Norte de Santander;Departamento
no data;Estrategia
Meta;Departamento
missing;Estrategia
Countrywide;Departamento
no data;Estrategia
Cauca;Departamento
missing;Estrategia
Chocó;Departamento
missing;Estrategia
Vaupés;Departamento
missing;Estrategia
Bolívar;Departamento
no data;Estrategia
Meta;Departamento
missing;Estrategia
Nariño;Departamento
reclutamiento forzado;Estrategia
Nariño;Departamento
desaparición forzada;Estrategia
Atlántico;Departamento
missing;Estrategia
Cundinamarca;Departamento
missing;Estrategia
Cauca;Departamento
missing;Estrategia
Risaralda;Departamento
missing;Estrategia
Boyacá;Departamento
desaparición forzada;Estrategia
Boyacá;Departamento
presión;Estrategia
Huila;Departamento
missing;Estrategia
Valle del Cauca;Departamento
no data;Estrategia
Cauca;Departamento
missing;Estrategia
Norte de Santander;Departamento
missing;Estrategia
Antioquia;Departamento
missing;Estrategia
Antioquia;Departamento
reclutamiento forzado;Estrategia
Antioquia;Departamento
presión;Estrategia
Antioquia;Departamento
persuación de incorporación voluntaria y adoctrinamiento;Estrategia
Nariño;Departamento
no data;Estrategia
Putumayo;Departamento
missing;Estrategia
Nariño;Departamento
regalos o promesas o protección;Estrategia
Nariño;Departamento
presión;Estrategia
Valle del Cauca;Departamento
presión;Estrategia
Norte de Santander;Departamento
missing;Estrategia
Vichada;Departamento
reclutamiento forzado;Estrategia
Antioquia;Departamento
no data;Estrategia
Magdalena;Departamento
missing;Estrategia
Putumayo;Departamento
missing;Estrategia
Chocó;Departamento
missing;Estrategia
Valle del Cauca;Departamento
persuación de incorporación voluntaria y adoctrinamiento;Estrategia
Valle del Cauca;Departamento
missing;Estrategia
Valle del Cauca;Departamento
no data;Estrategia
Amazonas;Departamento
missing;Estrategia
Arauca;Departamento
missing;Estrategia
Valle del Cauca;Departamento
reclutamiento forzado;Estrategia
Valle del Cauca;Departamento
presión;Estrategia
Norte de Santander;Departamento
missing;Estrategia
Chocó;Departamento
missing;Estrategia
Antioquia;Departamento
missing;Estrategia
Valle del Cauca;Departamento
missing;Estrategia
Putumayo;Departamento
missing;Estrategia
Risaralda;Departamento
missing;Estrategia
Countrywide;Departamento
missing;Estrategia
Tolima;Departamento
missing;Estrategia
Magdalena;Departamento
regalos o promesas o protección;Estrategia
Magdalena;Departamento
presión;Estrategia
Caquetá;Departamento
persuación de incorporación voluntaria y adoctrinamiento;Estrategia
Chocó;Departamento
no data;Estrategia
Antioquia;Departamento
reclutamiento forzado;Estrategia
Antioquia;Departamento
apoyo a actividades/bandas criminales;Estrategia
Magdalena;Departamento
no data;Estrategia
Cauca;Departamento
reclutamiento forzado;Estrategia
Cauca;Departamento
presión;Estrategia
Cesar;Departamento
no data;Estrategia
Risaralda;Departamento
consumo de drogas;Estrategia
Chocó;Departamento
no data;Estrategia
Chocó;Departamento
no data;Estrategia
Boyacá;Departamento
reclutamiento forzado;Estrategia
Cundinamarca;Departamento
apoyo a actividades/bandas criminales;Estrategia
Cundinamarca;Departamento
regalos o promesas o protección;Estrategia
Cundinamarca;Departamento
violencia;Estrategia
Cundinamarca;Departamento
presión;Estrategia
Valle del Cauca;Departamento
reclutamiento forzado;Estrategia
Sucre;Departamento
reclutamiento forzado;Estrategia
Sucre;Departamento
reclutamiento forzado;Estrategia
Chocó;Departamento
reclutamiento forzado;Estrategia
Quindío;Departamento
reclutamiento forzado;Estrategia
Quindío;Departamento
apoyo a actividades/bandas criminales;Estrategia
Chocó;Departamento
no data;Estrategia
Quindío;Departamento
féminas como objetivo de reclutamiento/violencia;Estrategia
Putumayo;Departamento
no data;Estrategia
Risaralda;Departamento
reclutamiento forzado;Estrategia
Risaralda;Departamento
violencia;Estrategia
Risaralda;Departamento
persuación de incorporación voluntaria y adoctrinamiento;Estrategia
Valle del Cauca;Departamento
no data;Estrategia
Valle del Cauca;Departamento
no data;Estrategia
Caldas;Departamento
reclutamiento forzado;Estrategia
Caldas;Departamento
regalos o promesas o protección;Estrategia
Caldas;Departamento
vinculación sentimental/sexual;Estrategia
Valle del Cauca;Departamento
regalos o promesas o protección;Estrategia
Valle del Cauca;Departamento
presión;Estrategia
Bolívar;Departamento
consumo de drogas;Estrategia
Bolívar;Departamento
actividades lúdicas y recreativas;Estrategia
Nariño;Departamento
reclutamiento forzado;Estrategia
Meta;Departamento
reclutamiento forzado;Estrategia
Valle del Cauca;Departamento
reclutamiento forzado;Estrategia
Nariño;Departamento
reclutamiento forzado;Estrategia
Córdoba;Departamento
no data;Estrategia
Nariño;Departamento
reclutamiento forzado;Estrategia
Arauca;Departamento
presión;Estrategia
Arauca;Departamento
reclutamiento forzado;Estrategia
Arauca;Departamento
féminas como objetivo de reclutamiento/violencia;Estrategia
Arauca;Departamento
vinculación sentimental/sexual;Estrategia
Bolívar;Departamento
actividades lúdicas y recreativas;Estrategia
Cundinamarca;Departamento
desaparición forzada;Estrategia
Cundinamarca;Departamento
presión;Estrategia
Atlántico;Departamento
no data;Estrategia
Arauca;Departamento
reclutamiento forzado;Estrategia
Arauca;Departamento
féminas como objetivo de reclutamiento/violencia;Estrategia
Arauca;Departamento
presión;Estrategia
Norte de Santander;Departamento
reclutamiento forzado;Estrategia
Nariño;Departamento
reclutamiento forzado;Estrategia
Nariño;Departamento
regalos o promesas o protección;Estrategia
Nariño;Departamento
presión;Estrategia
Tolima;Departamento
no data;Estrategia
Córdoba;Departamento
regalos o promesas o protección;Estrategia
Córdoba;Departamento
no data;Estrategia
Chocó;Departamento
no data;Estrategia
Arauca;Departamento
reclutamiento forzado;Estrategia
Arauca;Departamento
presión;Estrategia
Bogotá;Departamento
no data;Estrategia
Chocó;Departamento
no data;Estrategia
Quindío;Departamento
regalos o promesas o protección;Estrategia
Magdalena;Departamento
no data;Estrategia
La Guajira;Departamento
no data;Estrategia
Tolima;Departamento
no data;Estrategia
Vaupés;Departamento
reclutamiento forzado;Estrategia
Vaupés;Departamento
persuación de incorporación voluntaria y adoctrinamiento;Estrategia
Valle del Cauca;Departamento
reclutamiento forzado;Estrategia
Sucre;Departamento
no data;Estrategia
Quindío;Departamento
violencia;Estrategia
Quindío;Departamento
regalos o promesas o protección;Estrategia
Quindío;Departamento
persuación de incorporación voluntaria y adoctrinamiento;Estrategia
Caldas;Departamento
no data;Estrategia
Cundinamarca;Departamento
no data;Estrategia
Nariño;Departamento
no data;Estrategia
Tolima;Departamento
no data;Estrategia
Tolima;Departamento
reclutamiento forzado;Estrategia
Nariño;Departamento
reclutamiento forzado;Estrategia
Nariño;Departamento
desaparición forzada;Estrategia
Antioquia;Departamento
consumo de drogas;Estrategia
Antioquia;Departamento
apoyo a actividades/bandas criminales;Estrategia
Cauca;Departamento
regalos o promesas o protección;Estrategia
Quindío;Departamento
no data;Estrategia
Valle del Cauca;Departamento
no data;Estrategia
Guaviare;Departamento
consumo de drogas;Estrategia
Guaviare;Departamento
reclutamiento forzado;Estrategia
Sucre;Departamento
desaparición forzada;Estrategia
Sucre;Departamento
presión;Estrategia
Sucre;Departamento
reclutamiento forzado;Estrategia
Sucre;Departamento
violencia;Estrategia
Sucre;Departamento
regalos o promesas o protección;Estrategia
Caquetá;Departamento
no data;Estrategia
Norte de Santander;Departamento
reclutamiento forzado;Estrategia
Vaupés;Departamento
persuación de incorporación voluntaria y adoctrinamiento;Estrategia
Vichada;Departamento
reclutamiento forzado;Estrategia
Risaralda;Departamento
missing;Estrategia
Quindío;Departamento
reclutamiento forzado;Estrategia
Quindío;Departamento
regalos o promesas o protección;Estrategia
Quindío;Departamento
desaparición forzada;Estrategia
Caquetá;Departamento
missing;Estrategia
Córdoba;Departamento
reclutamiento forzado;Estrategia
Córdoba;Departamento
presión;Estrategia
Córdoba;Departamento
persuación de incorporación voluntaria y adoctrinamiento;Estrategia
Cauca;Departamento
reclutamiento forzado;Estrategia
Cauca;Departamento
féminas como objetivo de reclutamiento/violencia;Estrategia
Cauca;Departamento
presión;Estrategia
Córdoba;Departamento
regalos o promesas o protección;Estrategia
Córdoba;Departamento
desaparición forzada;Estrategia
Córdoba;Departamento
presión;Estrategia
Cundinamarca;Departamento
missing;Estrategia
Vichada;Departamento
reclutamiento forzado;Estrategia
Atlántico;Departamento
reclutamiento forzado;Estrategia
Atlántico;Departamento
regalos o promesas o protección;Estrategia
Arauca;Departamento
no data;Estrategia
Nariño;Departamento
missing;Estrategia
Antioquia;Departamento
regalos o promesas o protección;Estrategia
Antioquia;Departamento
presión;Estrategia
Antioquia;Departamento
persuación de incorporación voluntaria y adoctrinamiento;Estrategia
Valle del Cauca;Departamento
violencia;Estrategia
Valle del Cauca;Departamento
regalos o promesas o protección;Estrategia
Bolívar;Departamento
missing;Estrategia
La Guajira;Departamento
regalos o promesas o protección;Estrategia
Quindío;Departamento
missing;Estrategia
Valle del Cauca;Departamento
presión;Estrategia
Valle del Cauca;Departamento
persuación de incorporación voluntaria y adoctrinamiento;Estrategia
Huila;Departamento
no data;Estrategia
Norte de Santander;Departamento
reclutamiento forzado;Estrategia
Arauca;Departamento
persuación de incorporación voluntaria y adoctrinamiento;Estrategia
Arauca;Departamento
presión;Estrategia
Quindío;Departamento
no data;Estrategia
Magdalena;Departamento
reclutamiento forzado;Estrategia
Chocó;Departamento
missing;Estrategia
Quindío;Departamento
missing;Estrategia
Nariño;Departamento
missing;Estrategia
Magdalena;Departamento
apoyo a actividades/bandas criminales;Estrategia
Magdalena;Departamento
presión;Estrategia
Quindío;Departamento
reclutamiento forzado;Estrategia
Quindío;Departamento
presión;Estrategia
La Guajira;Departamento
missing;Estrategia
Arauca;Departamento
consumo de drogas;Estrategia
Arauca;Departamento
regalos o promesas o protección;Estrategia
Quindío;Departamento
regalos o promesas o protección;Estrategia
Valle del Cauca;Departamento
regalos o promesas o protección;Estrategia
Valle del Cauca;Departamento
vinculación sentimental/sexual;Estrategia
Córdoba;Departamento
reclutamiento forzado;Estrategia
Magdalena;Departamento
missing;Estrategia
Córdoba;Departamento
consumo de drogas;Estrategia
Córdoba;Departamento
actividades lúdicas y recreativas;Estrategia
Meta;Departamento
reclutamiento forzado;Estrategia
Sucre;Departamento
reclutamiento forzado;Estrategia
Sucre;Departamento
regalos o promesas o protección;Estrategia
Atlántico;Departamento
no data;Estrategia
Chocó;Departamento
missing;Estrategia
Cauca;Departamento
reclutamiento forzado;Estrategia
Valle del Cauca;Departamento
reclutamiento forzado;Estrategia
Cundinamarca;Departamento
reclutamiento forzado;Estrategia
Meta;Departamento
missing;Estrategia
La Guajira;Departamento
missing;Estrategia
Córdoba;Departamento
no data;Estrategia
Córdoba;Departamento
missing;Estrategia
Córdoba;Departamento
no data;Estrategia
Putumayo;Departamento
reclutamiento forzado;Estrategia
Putumayo;Departamento
desaparición forzada;Estrategia
Putumayo;Departamento
missing;Estrategia
Quindío;Departamento
regalos o promesas o protección;Estrategia
Quindío;Departamento
reclutamiento forzado;Estrategia
Quindío;Departamento
actividades lúdicas y recreativas;Estrategia
Quindío;Departamento
persuación de incorporación voluntaria y adoctrinamiento;Estrategia
Quindío;Departamento
missing;Estrategia
Cauca;Departamento
regalos o promesas o protección;Estrategia
Vichada;Departamento
reclutamiento forzado;Estrategia
Vichada;Departamento
penetración de centros educativos;Estrategia
Chocó;Departamento
missing;Estrategia
Chocó;Departamento
no data;Estrategia
Cauca;Departamento
no data;Estrategia
Córdoba;Departamento
missing;Estrategia
Chocó;Departamento
no data;Estrategia
Quindío;Departamento
reclutamiento forzado;Estrategia
Cundinamarca;Departamento
missing;Estrategia
Chocó;Departamento
no data;Estrategia
Quindío;Departamento
no data;Estrategia
Bolívar;Departamento
presión;Estrategia
Chocó;Departamento
missing;Estrategia
Nariño;Departamento
missing;Estrategia
Norte de Santander;Departamento
missing;Estrategia
Huila;Departamento
persuación de incorporación voluntaria y adoctrinamiento;Estrategia
Huila;Departamento
presión;Estrategia
Bolívar;Departamento
missing;Estrategia
Norte de Santander;Departamento
missing;Estrategia
Bolívar;Departamento
presión;Estrategia
Quindío;Departamento
missing;Estrategia
Arauca;Departamento
violencia;Estrategia
Arauca;Departamento
penetración de centros educativos;Estrategia
Arauca;Departamento
presión;Estrategia
Quindío;Departamento
regalos o promesas o protección;Estrategia
Quindío;Departamento
presión;Estrategia
Quindío;Departamento
no data;Estrategia
Norte de Santander;Departamento
persuación de incorporación voluntaria y adoctrinamiento;Estrategia
Quindío;Departamento
missing;Estrategia
Meta;Departamento
missing;Estrategia
Bolívar;Departamento
no data;Estrategia
Bolívar;Departamento
missing;Estrategia
Sucre;Departamento
no data;Estrategia
Valle del Cauca;Departamento
missing;Estrategia
Quindío;Departamento
missing;Estrategia
Guaviare;Departamento
regalos o promesas o protección;Estrategia
Guaviare;Departamento
presión;Estrategia
Caquetá;Departamento
regalos o promesas o protección;Estrategia
Caquetá;Departamento
presión;Estrategia
Meta;Departamento
missing;Estrategia
Vichada;Departamento
presión;Estrategia
Vichada;Departamento
penetración de centros educativos;Estrategia
Vichada;Departamento
persuación de incorporación voluntaria y adoctrinamiento;Estrategia
Magdalena;Departamento
no data;Estrategia
Tolima;Departamento
missing;Estrategia
La Guajira;Departamento
desaparición forzada;Estrategia
La Guajira;Departamento
persuación de incorporación voluntaria y adoctrinamiento;Estrategia
Norte de Santander;Departamento
reclutamiento forzado;Estrategia
Norte de Santander;Departamento
regalos o promesas o protección;Estrategia
Antioquia;Departamento
missing;Estrategia
Guainía;Departamento
missing;Estrategia
Cesar;Departamento
no data;Estrategia
Arauca;Departamento
reclutamiento forzado;Estrategia
Quindío;Departamento
missing;Estrategia
Nariño;Departamento
no data;Estrategia
Bolívar;Departamento
reclutamiento forzado;Estrategia
Arauca;Departamento
reclutamiento forzado;Estrategia
Vaupés;Departamento
missing;Estrategia
Valle del Cauca;Departamento
no data;Estrategia
Risaralda;Departamento
missing;Estrategia
Sucre;Departamento
reclutamiento forzado;Estrategia
Sucre;Departamento
regalos o promesas o protección;Estrategia
Sucre;Departamento
persuación de incorporación voluntaria y adoctrinamiento;Estrategia
Risaralda;Departamento
no data;Estrategia
Bogotá;Departamento
missing;Estrategia
Quindío;Departamento
missing;Estrategia
Putumayo;Departamento
no data;Estrategia
Sucre;Departamento
missing;Estrategia
Magdalena;Departamento
violencia;Estrategia
Magdalena;Departamento
regalos o promesas o protección;Estrategia
Magdalena;Departamento
persuación de incorporación voluntaria y adoctrinamiento;Estrategia
Chocó;Departamento
missing;Estrategia
Córdoba;Departamento
missing;Estrategia
Boyacá;Departamento
missing;Estrategia
La Guajira;Departamento
reclutamiento forzado;Estrategia
La Guajira;Departamento
regalos o promesas o protección;Estrategia
La Guajira;Departamento
presión;Estrategia
Quindío;Departamento
missing;Estrategia
Cauca;Departamento
missing;Estrategia
Nariño;Departamento
no data;Estrategia
Huila;Departamento
missing;Estrategia
Valle del Cauca;Departamento
missing;Estrategia
Nariño;Departamento
reclutamiento forzado;Estrategia
Putumayo;Departamento
missing;Estrategia
Valle del Cauca;Departamento
no data;Estrategia
Córdoba;Departamento
missing;Estrategia
Guaviare;Departamento
presión;Estrategia
Guaviare;Departamento
persuación de incorporación voluntaria y adoctrinamiento;Estrategia
Huila;Departamento
cuota familiar de reclutamiento;Estrategia
Huila;Departamento
regalos o promesas o protección;Estrategia
Huila;Departamento
persuación de incorporación voluntaria y adoctrinamiento;Estrategia
Quindío;Departamento
penetración de centros educativos;Estrategia
Quindío;Departamento
presión;Estrategia
Boyacá;Departamento
apoyo a actividades/bandas criminales;Estrategia
Nariño;Departamento
missing;Estrategia
Valle del Cauca;Departamento
missing;Estrategia
Cauca;Departamento
no data;Estrategia
Risaralda;Departamento
missing;Estrategia
Córdoba;Departamento
regalos o promesas o protección;Estrategia
Nariño;Departamento
no data;Estrategia
Quindío;Departamento
missing;Estrategia
Huila;Departamento
missing;Estrategia
Risaralda;Departamento
missing;Estrategia
Amazonas;Departamento
no data;Estrategia
Córdoba;Departamento
consumo de drogas;Estrategia
Córdoba;Departamento
regalos o promesas o protección;Estrategia
Valle del Cauca;Departamento
missing;Estrategia
Quindío;Departamento
missing;Estrategia
Bolívar;Departamento
missing;Estrategia
Bolívar;Departamento
missing;Estrategia
Arauca;Departamento
no data;Estrategia
Nariño;Departamento
no data;Estrategia
Caldas;Departamento
missing;Estrategia
Quindío;Departamento
missing;Estrategia
Córdoba;Departamento
no data;Estrategia
Cauca;Departamento
no data;Estrategia
Arauca;Departamento
consumo de drogas;Estrategia
Arauca;Departamento
cuota familiar de reclutamiento;Estrategia
Quindío;Departamento
missing;Estrategia
Cundinamarca;Departamento
missing;Estrategia
Quindío;Departamento
no data;Estrategia
Tolima;Departamento
no data;Estrategia
Bogotá;Departamento
missing;Estrategia
Norte de Santander;Departamento
missing;Estrategia
Córdoba;Departamento
no data;Estrategia
Tolima;Departamento
presión;Estrategia
Bolívar;Departamento
penetración de centros educativos;Estrategia
Bolívar;Departamento
persuación de incorporación voluntaria y adoctrinamiento;Estrategia
Vaupés;Departamento
presión;Estrategia
Meta;Departamento
no data;Estrategia
Quindío;Departamento
consumo de drogas;Estrategia
Quindío;Departamento
presión;Estrategia
Quindío;Departamento
persuación de incorporación voluntaria y adoctrinamiento;Estrategia
Chocó;Departamento
no data;Estrategia
Bolívar;Departamento
regalos o promesas o protección;Estrategia
Casanare;Departamento
no data;Estrategia
Chocó;Departamento
missing;Estrategia
Antioquia;Departamento
penetración de centros educativos;Estrategia
Antioquia;Departamento
féminas como objetivo de reclutamiento/violencia;Estrategia
Putumayo;Departamento
regalos o promesas o protección;Estrategia
Magdalena;Departamento
no data;Estrategia
Bolívar;Departamento
missing;Estrategia
Bolívar;Departamento
no data;Estrategia
Chocó;Departamento
missing;Estrategia
Chocó;Departamento
actividades lúdicas y recreativas;Estrategia
Meta;Departamento
missing;Estrategia
Chocó;Departamento
missing;Estrategia
Norte de Santander;Departamento
missing;Estrategia
Antioquia;Departamento
consumo de drogas;Estrategia
Antioquia;Departamento
regalos o promesas o protección;Estrategia
Antioquia;Departamento
presión;Estrategia
Bolívar;Departamento
missing;Estrategia
Risaralda;Departamento
missing;Estrategia
Norte de Santander;Departamento
no data;Estrategia
Antioquia;Departamento
reclutamiento forzado;Estrategia
Antioquia;Departamento
presión;Estrategia
Antioquia;Departamento
persuación de incorporación voluntaria y adoctrinamiento;Estrategia
Córdoba;Departamento
no data;Estrategia
Risaralda;Departamento
missing;Estrategia
Norte de Santander;Departamento
missing;Estrategia
Cesar;Departamento
consumo de drogas;Estrategia
Cesar;Departamento
regalos o promesas o protección;Estrategia
Cesar;Departamento
presión;Estrategia
Vichada;Departamento
no data;Estrategia
Córdoba;Departamento
féminas como objetivo de reclutamiento/violencia;Estrategia
Córdoba;Departamento
vinculación sentimental/sexual;Estrategia
Norte de Santander;Departamento
no data;Estrategia
Meta;Departamento
no data;Estrategia
Boyacá;Departamento
consumo de drogas;Estrategia
Boyacá;Departamento
violencia;Estrategia
Boyacá;Departamento
presión;Estrategia
Boyacá;Departamento
persuación de incorporación voluntaria y adoctrinamiento;Estrategia
Norte de Santander;Departamento
no data;Estrategia
Valle del Cauca;Departamento
missing;Estrategia
Putumayo;Departamento
missing;Estrategia
Chocó;Departamento
reclutamiento forzado;Estrategia
Chocó;Departamento
desaparición forzada;Estrategia
Chocó;Departamento
no data;Estrategia
Countrywide;Departamento
no data;Estrategia
Chocó;Departamento
no data;Estrategia
Meta;Departamento
no data;Estrategia
Chocó;Departamento
desaparición forzada;Estrategia
Meta;Departamento
no data;Estrategia
Arauca;Departamento
missing;Estrategia
Chocó;Departamento
missing;Estrategia
Cauca;Departamento
no data;Estrategia
Amazonas;Departamento
no data;Estrategia
Cundinamarca;Departamento
no data;Estrategia
Cauca;Departamento
missing;Estrategia
Guaviare;Departamento
missing;Estrategia
Meta;Departamento
missing;Estrategia
Valle del Cauca;Departamento
no data;Estrategia
Córdoba;Departamento
consumo de drogas;Estrategia
Córdoba;Departamento
missing;Estrategia
Caldas;Departamento
apoyo a actividades/bandas criminales;Estrategia
Caldas;Departamento
regalos o promesas o protección;Estrategia
Cauca;Departamento
missing;Estrategia
Antioquia;Departamento
no data;Estrategia
Caquetá;Departamento
no data;Estrategia
Antioquia;Departamento
reclutamiento forzado;Estrategia
Casanare;Departamento
missing;Estrategia
Antioquia;Departamento
regalos o promesas o protección;Estrategia
Tolima;Departamento
no data;Estrategia
Cundinamarca;Departamento
missing;Estrategia
Antioquia;Departamento
regalos o promesas o protección;Estrategia
Sucre;Departamento
missing;Estrategia
Nariño;Departamento
no data;Estrategia
Valle del Cauca;Departamento
no data;Estrategia
Valle del Cauca;Departamento
violencia;Estrategia
Valle del Cauca;Departamento
regalos o promesas o protección;Estrategia
Valle del Cauca;Departamento
presión;Estrategia
Valle del Cauca;Departamento
presión;Estrategia
Meta;Departamento
reclutamiento forzado;Estrategia
Meta;Departamento
regalos o promesas o protección;Estrategia
Putumayo;Departamento
no data;Estrategia
Caquetá;Departamento
reclutamiento forzado;Estrategia
Guaviare;Departamento
reclutamiento forzado;Estrategia
Meta;Departamento
no data;Estrategia
Quindío;Departamento
no data;Estrategia
Quindío;Departamento
cuota familiar de reclutamiento;Estrategia
Quindío;Departamento
actividades lúdicas y recreativas;Estrategia
Quindío;Departamento
presión;Estrategia
Quindío;Departamento
persuación de incorporación voluntaria y adoctrinamiento;Estrategia
Cundinamarca;Departamento
reclutamiento forzado;Estrategia
Cundinamarca;Departamento
presión;Estrategia
Cundinamarca;Departamento
no data;Estrategia
Cundinamarca;Departamento
no data;Estrategia
Putumayo;Departamento
no data;Estrategia
Cundinamarca;Departamento
apoyo a actividades/bandas criminales;Estrategia
Cundinamarca;Departamento
regalos o promesas o protección;Estrategia
Cundinamarca;Departamento
violencia;Estrategia
Cundinamarca;Departamento
presión;Estrategia
Nariño;Departamento
no data;Estrategia
Quindío;Departamento
no data;Estrategia
Caldas;Departamento
desaparición forzada;Estrategia
Cundinamarca;Departamento
no data;Estrategia
Cundinamarca;Departamento
reclutamiento forzado;Estrategia
Cundinamarca;Departamento
presión;Estrategia
Cundinamarca;Departamento
persuación de incorporación voluntaria y adoctrinamiento;Estrategia
Quindío;Departamento
no data;Estrategia
Tolima;Departamento
no data;Estrategia
Quindío;Departamento
no data;Estrategia
Antioquia;Departamento
no data;Estrategia
Chocó;Departamento
presión;Estrategia
Valle del Cauca;Departamento
no data;Estrategia
Valle del Cauca;Departamento
persuación de incorporación voluntaria y adoctrinamiento;Estrategia
Risaralda;Departamento
no data;Estrategia
Chocó;Departamento
reclutamiento forzado;Estrategia
La Guajira;Departamento
no data;Estrategia
Bolívar;Departamento
presión;Estrategia
Bolívar;Departamento
persuación de incorporación voluntaria y adoctrinamiento;Estrategia
Arauca;Departamento
regalos o promesas o protección;Estrategia
Valle del Cauca;Departamento
no data;Estrategia
Sucre;Departamento
no data;Estrategia
Valle del Cauca;Departamento
no data;Estrategia
Chocó;Departamento
no data;Estrategia
Cundinamarca;Departamento
regalos o promesas o protección;Estrategia
Cundinamarca;Departamento
presión;Estrategia
Valle del Cauca;Departamento
no data;Estrategia
Sucre;Departamento
no data;Estrategia
Norte de Santander;Departamento
no data;Estrategia
Caquetá;Departamento
no data;Estrategia
Putumayo;Departamento
no data;Estrategia
Nariño;Departamento
no data;Estrategia
Norte de Santander;Departamento
no data;Estrategia
Nariño;Departamento
no data;Estrategia
Antioquia;Departamento
no data;Estrategia
Sucre;Departamento
no data;Estrategia
Cauca;Departamento
reclutamiento forzado;Estrategia
Cauca;Departamento
regalos o promesas o protección;Estrategia
Cauca;Departamento
penetración de centros educativos;Estrategia
Caldas;Departamento
penetración de centros educativos;Estrategia
Caldas;Departamento
regalos o promesas o protección;Estrategia
Caldas;Departamento
presión;Estrategia
Caldas;Departamento
persuación de incorporación voluntaria y adoctrinamiento;Estrategia
Bogotá;Departamento
missing;Estrategia
Meta;Departamento
reclutamiento forzado;Estrategia
Meta;Departamento
actividades lúdicas y recreativas;Estrategia
Córdoba;Departamento
no data;Estrategia
Norte de Santander;Departamento
reclutamiento forzado;Estrategia
Cauca;Departamento
reclutamiento forzado;Estrategia
Caquetá;Departamento
regalos o promesas o protección;Estrategia
Tolima;Departamento
relaciones familiares y de parentezco;Estrategia
Bolívar;Departamento
regalos o promesas o protección;Estrategia
Cauca;Departamento
penetración de centros educativos;Estrategia
Caquetá;Departamento
no data;Estrategia
Cauca;Departamento
no data;Estrategia
Norte de Santander;Departamento
apoyo a actividades/bandas criminales;Estrategia
Meta;Departamento
reclutamiento forzado;Estrategia
La Guajira;Departamento
reclutamiento forzado;Estrategia
Guaviare;Departamento
reclutamiento forzado;Estrategia
Guaviare;Departamento
presión;Estrategia
Arauca;Departamento
reclutamiento forzado;Estrategia
Cauca;Departamento
persuación de incorporación voluntaria y adoctrinamiento;Estrategia
Arauca;Departamento
apoyo a actividades/bandas criminales;Estrategia
Cauca;Departamento
reclutamiento forzado;Estrategia
Valle del Cauca;Departamento
apoyo a actividades/bandas criminales;Estrategia
Tolima;Departamento
no data;Estrategia
Magdalena;Departamento
regalos o promesas o protección;Estrategia
Bolívar;Departamento
regalos o promesas o protección;Estrategia
Bolívar;Departamento
presión;Estrategia
Cesar;Departamento
reclutamiento forzado;Estrategia
Cesar;Departamento
persuación de incorporación voluntaria y adoctrinamiento;Estrategia
Caquetá;Departamento
reclutamiento forzado;Estrategia
Caquetá;Departamento
regalos o promesas o protección;Estrategia
Cauca;Departamento
no data;Estrategia
Arauca;Departamento
reclutamiento forzado;Estrategia
Cauca;Departamento
regalos o promesas o protección;Estrategia
Cauca;Departamento
reclutamiento forzado;Estrategia
Arauca;Departamento
presión;Estrategia
Chocó;Departamento
reclutamiento forzado;Estrategia
Meta;Departamento
reclutamiento forzado;Estrategia
Meta;Departamento
regalos o promesas o protección;Estrategia
Meta;Departamento
presión;Estrategia
La Guajira;Departamento
reclutamiento forzado;Estrategia
La Guajira;Departamento
regalos o promesas o protección;Estrategia
Córdoba;Departamento
apoyo a actividades/bandas criminales;Estrategia
Córdoba;Departamento
presión;Estrategia
Caquetá;Departamento
presión;Estrategia
Nariño;Departamento
reclutamiento forzado;Estrategia
Nariño;Departamento
presión;Estrategia
Nariño;Departamento
reclutamiento forzado;Estrategia
Nariño;Departamento
regalos o promesas o protección;Estrategia
Nariño;Departamento
persuación de incorporación voluntaria y adoctrinamiento;Estrategia
Nariño;Departamento
presión;Estrategia
Arauca;Departamento
no data;Estrategia
La Guajira;Departamento
missing;Estrategia
Arauca;Departamento
vinculación sentimental/sexual;Estrategia
Valle del Cauca;Departamento
regalos o promesas o protección;Estrategia
Valle del Cauca;Departamento
vinculación sentimental/sexual;Estrategia
Cauca;Departamento
no data;Estrategia
Valle del Cauca;Departamento
no data;Estrategia
Valle del Cauca;Departamento
persuación de incorporación voluntaria y adoctrinamiento;Estrategia
Meta;Departamento
missing;Estrategia
Meta;Departamento
no data;Estrategia
Cesar;Departamento
apoyo a actividades/bandas criminales;Estrategia
Norte de Santander;Departamento
missing;Estrategia
Cauca;Departamento
reclutamiento forzado;Estrategia
Arauca;Departamento
apoyo a actividades/bandas criminales;Estrategia
Arauca;Departamento
vinculación sentimental/sexual;Estrategia
Chocó;Departamento
no data;Estrategia
Meta;Departamento
missing;Estrategia
Nariño;Departamento
no data;Estrategia
Sucre;Departamento
apoyo a actividades/bandas criminales;Estrategia
Sucre;Departamento
regalos o promesas o protección;Estrategia
Nariño;Departamento
reclutamiento forzado;Estrategia
Nariño;Departamento
apoyo a actividades/bandas criminales;Estrategia
Córdoba;Departamento
missing;Estrategia
Meta;Departamento
missing;Estrategia
Atlántico;Departamento
apoyo a actividades/bandas criminales;Estrategia
Cauca;Departamento
reclutamiento forzado;Estrategia
Cauca;Departamento
persuación de incorporación voluntaria y adoctrinamiento;Estrategia
Caquetá;Departamento
regalos o promesas o protección;Estrategia
Caquetá;Departamento
desaparición forzada;Estrategia
Valle del Cauca;Departamento
reclutamiento forzado;Estrategia
Valle del Cauca;Departamento
regalos o promesas o protección;Estrategia
Valle del Cauca;Departamento
presión;Estrategia
Nariño;Departamento
no data;Estrategia
Valle del Cauca;Departamento
vinculación sentimental/sexual;Estrategia
Valle del Cauca;Departamento
regalos o promesas o protección;Estrategia
Valle del Cauca;Departamento
presión;Estrategia
Quindío;Departamento
regalos o promesas o protección;Estrategia
Cauca;Departamento
no data;Estrategia
Córdoba;Departamento
reclutamiento forzado;Estrategia
Córdoba;Departamento
regalos o promesas o protección;Estrategia
Arauca;Departamento
missing;Estrategia
Meta;Departamento
no data;Estrategia
Valle del Cauca;Departamento
apoyo a actividades/bandas criminales;Estrategia
Valle del Cauca;Departamento
regalos o promesas o protección;Estrategia
Caquetá;Departamento
cuota familiar de reclutamiento;Estrategia
Caquetá;Departamento
regalos o promesas o protección;Estrategia
Caquetá;Departamento
persuación de incorporación voluntaria y adoctrinamiento;Estrategia
Caquetá;Departamento
presión;Estrategia
Chocó;Departamento
no data;Estrategia
Cauca;Departamento
reclutamiento forzado;Estrategia
Caquetá;Departamento
reclutamiento forzado;Estrategia
Caquetá;Departamento
regalos o promesas o protección;Estrategia
Caquetá;Departamento
féminas como objetivo de reclutamiento/violencia;Estrategia
Arauca;Departamento
missing;Estrategia
Cundinamarca;Departamento
regalos o promesas o protección;Estrategia
Meta;Departamento
reclutamiento forzado;Estrategia
Meta;Departamento
missing;Estrategia
Arauca;Departamento
missing;Estrategia
Quindío;Departamento
actividades lúdicas y recreativas;Estrategia
Quindío;Departamento
persuación de incorporación voluntaria y adoctrinamiento;Estrategia
Quindío;Departamento
presión;Estrategia
Vichada;Departamento
penetración de centros educativos;Estrategia
Córdoba;Departamento
missing;Estrategia
Meta;Departamento
penetración de centros educativos;Estrategia
Meta;Departamento
persuación de incorporación voluntaria y adoctrinamiento;Estrategia
Meta;Departamento
missing;Estrategia
Arauca;Departamento
missing;Estrategia
Córdoba;Departamento
missing;Estrategia
Bolívar;Departamento
missing;Estrategia
Valle del Cauca;Departamento
missing;Estrategia
Vichada;Departamento
vinculación sentimental/sexual;Estrategia
Vichada;Departamento
penetración de centros educativos;Estrategia
Vichada;Departamento
persuación de incorporación voluntaria y adoctrinamiento;Estrategia
Chocó;Departamento
missing;Estrategia
Nariño;Departamento
persuación de incorporación voluntaria y adoctrinamiento;Estrategia
Nariño;Departamento
presión;Estrategia
Nariño;Departamento
reclutamiento forzado;Estrategia
Nariño;Departamento
violencia;Estrategia
Nariño;Departamento
regalos o promesas o protección;Estrategia
Chocó;Departamento
missing;Estrategia
Chocó;Departamento
reclutamiento forzado;Estrategia
Chocó;Departamento
violencia;Estrategia
Valle del Cauca;Departamento
regalos o promesas o protección;Estrategia
Valle del Cauca;Departamento
féminas como objetivo de reclutamiento/violencia;Estrategia
Valle del Cauca;Departamento
persuación de incorporación voluntaria y adoctrinamiento;Estrategia
Cauca;Departamento
missing;Estrategia
Cundinamarca;Departamento
no data;Estrategia
Chocó;Departamento
no data;Estrategia
Cundinamarca;Departamento
missing;Estrategia
Meta;Departamento
persuación de incorporación voluntaria y adoctrinamiento;Estrategia
Meta;Departamento
presión;Estrategia
Norte de Santander;Departamento
penetración de centros educativos;Estrategia
Córdoba;Departamento
regalos o promesas o protección;Estrategia
Antioquia;Departamento
missing;Estrategia
Valle del Cauca;Departamento
missing;Estrategia
Arauca;Departamento
missing;Estrategia
Cundinamarca;Departamento
missing;Estrategia
Quindío;Departamento
missing;Estrategia
Caquetá;Departamento
missing;Estrategia
Arauca;Departamento
apoyo a actividades/bandas criminales;Estrategia
Arauca;Departamento
féminas como objetivo de reclutamiento/violencia;Estrategia
Bolívar;Departamento
missing;Estrategia
Meta;Departamento
reclutamiento forzado;Estrategia
Guaviare;Departamento
cuota familiar de reclutamiento;Estrategia
Guaviare;Departamento
regalos o promesas o protección;Estrategia
Cundinamarca;Departamento
missing;Estrategia
Caquetá;Departamento
missing;Estrategia
Arauca;Departamento
missing;Estrategia
Nariño;Departamento
missing;Estrategia
Valle del Cauca;Departamento
regalos o promesas o protección;Estrategia
Meta;Departamento
missing;Estrategia
Vichada;Departamento
missing;Estrategia
Bolívar;Departamento
missing;Estrategia
Santander;Departamento
penetración de centros educativos;Estrategia
Santander;Departamento
desaparición forzada;Estrategia
Arauca;Departamento
missing;Estrategia
Nariño;Departamento
missing;Estrategia
Chocó;Departamento
cuota familiar de reclutamiento;Estrategia
Chocó;Departamento
reclutamiento forzado;Estrategia
Antioquia;Departamento
missing;Estrategia
Bogotá;Departamento
missing;Estrategia
Norte de Santander;Departamento
missing;Estrategia
Guaviare;Departamento
missing;Estrategia
Nariño;Departamento
apoyo a actividades/bandas criminales;Estrategia
Guaviare;Departamento
missing;Estrategia
Cauca;Departamento
missing;Estrategia
Huila;Departamento
presión;Estrategia
Boyacá;Departamento
reclutamiento forzado;Estrategia
Boyacá;Departamento
presión;Estrategia
Quindío;Departamento
missing;Estrategia
Chocó;Departamento
presión;Estrategia
Chocó;Departamento
persuación de incorporación voluntaria y adoctrinamiento;Estrategia
Cundinamarca;Departamento
missing;Estrategia
Valle del Cauca;Departamento
missing;Estrategia
Arauca;Departamento
persuación de incorporación voluntaria y adoctrinamiento;Estrategia
Arauca;Departamento
presión;Estrategia
Meta;Departamento
missing;Estrategia
Córdoba;Departamento
no data;Estrategia
Bolívar;Departamento
reclutamiento forzado;Estrategia
Valle del Cauca;Departamento
consumo de drogas;Estrategia
Valle del Cauca;Departamento
violencia;Estrategia
Nariño;Departamento
no data;Estrategia
Guaviare;Departamento
missing;Estrategia
Nariño;Departamento
reclutamiento forzado;Estrategia
Chocó;Departamento
no data;Estrategia
Bolívar;Departamento
missing;Estrategia
Huila;Departamento
no data;Estrategia
Valle del Cauca;Departamento
reclutamiento forzado;Estrategia
Valle del Cauca;Departamento
regalos o promesas o protección;Estrategia
Bogotá;Departamento
missing;Estrategia
Cundinamarca;Departamento
missing;Estrategia
Nariño;Departamento
apoyo a actividades/bandas criminales;Estrategia
Arauca;Departamento
reclutamiento forzado;Estrategia
Arauca;Departamento
regalos o promesas o protección;Estrategia
Arauca;Departamento
presión;Estrategia
Valle del Cauca;Departamento
regalos o promesas o protección;Estrategia
Valle del Cauca;Departamento
féminas como objetivo de reclutamiento/violencia;Estrategia
Guaviare;Departamento
missing;Estrategia
Nariño;Departamento
regalos o promesas o protección;Estrategia
Nariño;Departamento
persuación de incorporación voluntaria y adoctrinamiento;Estrategia
Sucre;Departamento
missing;Estrategia
Arauca;Departamento
missing;Estrategia
Valle del Cauca;Departamento
missing;Estrategia
Nariño;Departamento
no data;Estrategia
Atlántico;Departamento
missing;Estrategia
Córdoba;Departamento
missing;Estrategia
Chocó;Departamento
missing;Estrategia
Chocó;Departamento
missing;Estrategia
Antioquia;Departamento
missing;Estrategia
Meta;Departamento
missing;Estrategia
Córdoba;Departamento
missing;Estrategia
Norte de Santander;Departamento
missing;Estrategia
Cundinamarca;Departamento
missing;Estrategia
Guaviare;Departamento
missing;Estrategia
Arauca;Departamento
missing;Estrategia
Caldas;Departamento
reclutamiento forzado;Estrategia
Caldas;Departamento
persuación de incorporación voluntaria y adoctrinamiento;Estrategia
Caldas;Departamento
féminas como objetivo de reclutamiento/violencia;Estrategia
Caldas;Departamento
presión;Estrategia
Valle del Cauca;Departamento
missing;Estrategia
Valle del Cauca;Departamento
missing;Estrategia
Cundinamarca;Departamento
missing;Estrategia
Vaupés;Departamento
missing;Estrategia
Nariño;Departamento
féminas como objetivo de reclutamiento/violencia;Estrategia
Meta;Departamento
no data;Estrategia
Bogotá;Departamento
missing;Estrategia
Vaupés;Departamento
no data;Estrategia
Chocó;Departamento
regalos o promesas o protección;Estrategia
Chocó;Departamento
presión;Estrategia
Valle del Cauca;Departamento
violencia;Estrategia
Valle del Cauca;Departamento
persuación de incorporación voluntaria y adoctrinamiento;Estrategia
Valle del Cauca;Departamento
reclutamiento forzado;Estrategia
Bolívar;Departamento
regalos o promesas o protección;Estrategia
Bolívar;Departamento
féminas como objetivo de reclutamiento/violencia;Estrategia
Bolívar;Departamento
presión;Estrategia
Cundinamarca;Departamento
missing;Estrategia
Arauca;Departamento
presión;Estrategia
Valle del Cauca;Departamento
regalos o promesas o protección;Estrategia
Arauca;Departamento
regalos o promesas o protección;Estrategia
Putumayo;Departamento
apoyo a actividades/bandas criminales;Estrategia
Putumayo;Departamento
regalos o promesas o protección;Estrategia
Putumayo;Departamento
presión;Estrategia
Bolívar;Departamento
missing;Estrategia
Meta;Departamento
reclutamiento forzado;Estrategia
Cauca;Departamento
no data;Estrategia
Bolívar;Departamento
no data;Estrategia
Chocó;Departamento
missing;Estrategia
Quindío;Departamento
regalos o promesas o protección;Estrategia
Atlántico;Departamento
missing;Estrategia
Cundinamarca;Departamento
reclutamiento forzado;Estrategia
Bogotá;Departamento
missing;Estrategia
Caquetá;Departamento
missing;Estrategia
Arauca;Departamento
no data;Estrategia
Cesar;Departamento
regalos o promesas o protección;Estrategia
Cauca;Departamento
missing;Estrategia
Chocó;Departamento
missing;Estrategia
Cesar;Departamento
no data;Estrategia
Bolívar;Departamento
missing;Estrategia
Quindío;Departamento
missing;Estrategia
Putumayo;Departamento
no data;Estrategia
Bolívar;Departamento
no data;Estrategia
Bolívar;Departamento
missing;Estrategia
Risaralda;Departamento
reclutamiento forzado;Estrategia
Risaralda;Departamento
presión;Estrategia
Magdalena;Departamento
féminas como objetivo de reclutamiento/violencia;Estrategia
Meta;Departamento
missing;Estrategia
Bolívar;Departamento
no data;Estrategia
Huila;Departamento
no data;Estrategia
Chocó;Departamento
no data;Estrategia
Cauca;Departamento
reclutamiento forzado;Estrategia
Cauca;Departamento
apoyo a actividades/bandas criminales;Estrategia
Nariño;Departamento
no data;Estrategia
Antioquia;Departamento
missing;Estrategia
Nariño;Departamento
reclutamiento forzado;Estrategia
Córdoba;Departamento
missing;Estrategia
Valle del Cauca;Departamento
reclutamiento forzado;Estrategia
Valle del Cauca;Departamento
regalos o promesas o protección;Estrategia
Bogotá;Departamento
missing;Estrategia
Sucre;Departamento
missing;Estrategia
Arauca;Departamento
missing;Estrategia
Chocó;Departamento
reclutamiento forzado;Estrategia
Valle del Cauca;Departamento
missing;Estrategia
Bolívar;Departamento
reclutamiento forzado;Estrategia
Bolívar;Departamento
féminas como objetivo de reclutamiento/violencia;Estrategia
Quindío;Departamento
missing;Estrategia
Tolima;Departamento
reclutamiento forzado;Estrategia
Tolima;Departamento
féminas como objetivo de reclutamiento/violencia;Estrategia
Tolima;Departamento
presión;Estrategia
Quindío;Departamento
no data;Estrategia
Caldas;Departamento
no data;Estrategia
Risaralda;Departamento
missing;Estrategia
Putumayo;Departamento
no data;Estrategia
Meta;Departamento
missing;Estrategia
Bolívar;Departamento
no data;Estrategia
Valle del Cauca;Departamento
no data;Estrategia
Nariño;Departamento
reclutamiento forzado;Estrategia
Norte de Santander;Departamento
missing;Estrategia
Nariño;Departamento
no data;Estrategia
Guaviare;Departamento
missing;Estrategia
Antioquia;Departamento
missing;Estrategia
Córdoba;Departamento
missing;Estrategia
Quindío;Departamento
missing;Estrategia
Magdalena;Departamento
missing;Estrategia
Norte de Santander;Departamento
no data;Estrategia
Norte de Santander;Departamento
no data;Estrategia
Nariño;Departamento
reclutamiento forzado;Estrategia
Nariño;Departamento
reclutamiento forzado;Estrategia
Bolívar;Departamento
missing;Estrategia
Putumayo;Departamento
missing;Estrategia
La Guajira;Departamento
missing;Estrategia
Meta;Departamento
missing;Estrategia
Tolima;Departamento
missing;Estrategia
Nariño;Departamento
missing;Estrategia
Antioquia;Departamento
missing;Estrategia
Guaviare;Departamento
missing;Estrategia
Bolívar;Departamento
reclutamiento forzado;Estrategia
Bolívar;Departamento
missing;Estrategia
Norte de Santander;Departamento
missing;Estrategia
Antioquia;Departamento
missing;Estrategia
Valle del Cauca;Departamento
reclutamiento forzado;Estrategia
Valle del Cauca;Departamento
no data;Estrategia
Valle del Cauca;Departamento
no data;Estrategia
Norte de Santander;Departamento
no data;Estrategia
Meta;Departamento
consumo de drogas;Estrategia
Meta;Departamento
violencia;Estrategia
Boyacá;Departamento
reclutamiento forzado;Estrategia
Meta;Departamento
Guerrillas;Categoria
Valle del Cauca;Departamento
Guerrillas;Categoria
Valle del Cauca;Departamento
Nuevos Paramilitares (Narco-Para);Categoria
Putumayo;Departamento
Disidensias FARC;Categoria
Putumayo;Departamento
Guerrillas;Categoria
Sucre;Departamento
Guerrillas;Categoria
Sucre;Departamento
Nuevos Paramilitares (Narco-Para);Categoria
Valle del Cauca;Departamento
Guerrillas;Categoria
Valle del Cauca;Departamento
Nuevos Paramilitares (Narco-Para);Categoria
Risaralda;Departamento
Pequeños Grupos Ilegales;Categoria
Nariño;Departamento
Guerrillas;Categoria
Antioquia;Departamento
Nuevos Paramilitares (Narco-Para);Categoria
Antioquia;Departamento
Paramilitares;Categoria
Norte de Santander;Departamento
Disidensias FARC;Categoria
Countrywide;Departamento
Guerrillas;Categoria
Guaviare;Departamento
Guerrillas;Categoria
Guaviare;Departamento
Nuevos Paramilitares (Narco-Para);Categoria
Guaviare;Departamento
Paramilitares;Categoria
Córdoba;Departamento
Nuevos Paramilitares (Narco-Para);Categoria
Vichada;Departamento
Guerrillas;Categoria
Tolima;Departamento
Guerrillas;Categoria
Tolima;Departamento
Nuevos Paramilitares (Narco-Para);Categoria
Bolívar;Departamento
Guerrillas;Categoria
Meta;Departamento
Guerrillas;Categoria
Meta;Departamento
Paramilitares;Categoria
Valle del Cauca;Departamento
Guerrillas;Categoria
Caquetá;Departamento
Guerrillas;Categoria
Caquetá;Departamento
Pequeños Grupos Ilegales;Categoria
Cundinamarca;Departamento
Guerrillas;Categoria
Cundinamarca;Departamento
Nuevos Paramilitares (Narco-Para);Categoria
Antioquia;Departamento
Nuevos Paramilitares (Narco-Para);Categoria
Antioquia;Departamento
Guerrillas;Categoria
Chocó;Departamento
Guerrillas;Categoria
Cesar;Departamento
Nuevos Paramilitares (Narco-Para);Categoria
Chocó;Departamento
Guerrillas;Categoria
Norte de Santander;Departamento
Guerrillas;Categoria
Caquetá;Departamento
Guerrillas;Categoria
Chocó;Departamento
Nuevos Paramilitares (Narco-Para);Categoria
Bolívar;Departamento
Guerrillas;Categoria
Magdalena;Departamento
Nuevos Paramilitares (Narco-Para);Categoria
Chocó;Departamento
Guerrillas;Categoria
Putumayo;Departamento
Guerrillas;Categoria
Cesar;Departamento
Guerrillas;Categoria
Cesar;Departamento
Paramilitares;Categoria
Antioquia;Departamento
Nuevos Paramilitares (Narco-Para);Categoria
Antioquia;Departamento
Paramilitares;Categoria
Tolima;Departamento
Guerrillas;Categoria
Tolima;Departamento
Pequeños Grupos Ilegales;Categoria
Chocó;Departamento
Guerrillas;Categoria
Chocó;Departamento
Guerrillas;Categoria
Meta;Departamento
Guerrillas;Categoria
Meta;Departamento
Nuevos Paramilitares (Narco-Para);Categoria
Bolívar;Departamento
Guerrillas;Categoria
Bolívar;Departamento
Guerrillas;Categoria
Valle del Cauca;Departamento
Pequeños Grupos Ilegales;Categoria
Atlántico;Departamento
Nuevos Paramilitares (Narco-Para);Categoria
Atlántico;Departamento
Paramilitares;Categoria
Bolívar;Departamento
Guerrillas;Categoria
Caldas;Departamento
Paramilitares;Categoria
Chocó;Departamento
Guerrillas;Categoria
Valle del Cauca;Departamento
Guerrillas;Categoria
Bogotá;Departamento
Pequeños Grupos Ilegales;Categoria
Amazonas;Departamento
Disidensias FARC;Categoria
Amazonas;Departamento
Guerrillas;Categoria
Bogotá;Departamento
Guerrillas;Categoria
Bogotá;Departamento
Nuevos Paramilitares (Narco-Para);Categoria
Bogotá;Departamento
Paramilitares;Categoria
Bogotá;Departamento
Pequeños Grupos Ilegales;Categoria
Casanare;Departamento
Guerrillas;Categoria
Arauca;Departamento
Guerrillas;Categoria
Norte de Santander;Departamento
Guerrillas;Categoria
Vaupés;Departamento
Disidensias FARC;Categoria
Vaupés;Departamento
Guerrillas;Categoria
Bolívar;Departamento
Guerrillas;Categoria
Norte de Santander;Departamento
Guerrillas;Categoria
Countrywide;Departamento
Pequeños Grupos Ilegales;Categoria
Risaralda;Departamento
Guerrillas;Categoria
Risaralda;Departamento
Pequeños Grupos Ilegales;Categoria
Meta;Departamento
Guerrillas;Categoria
Antioquia;Departamento
Guerrillas;Categoria
Chocó;Departamento
Guerrillas;Categoria
Antioquia;Departamento
Nuevos Paramilitares (Narco-Para);Categoria
Antioquia;Departamento
Guerrillas;Categoria
Arauca;Departamento
Disidensias FARC;Categoria
Arauca;Departamento
Guerrillas;Categoria
Arauca;Departamento
Paramilitares;Categoria
Bogotá;Departamento
Nuevos Paramilitares (Narco-Para);Categoria
Bogotá;Departamento
Paramilitares;Categoria
Bogotá;Departamento
Pequeños Grupos Ilegales;Categoria
Chocó;Departamento
Disidensias FARC;Categoria
Chocó;Departamento
Guerrillas;Categoria
Meta;Departamento
Nuevos Paramilitares (Narco-Para);Categoria
Antioquia;Departamento
Nuevos Paramilitares (Narco-Para);Categoria
Antioquia;Departamento
Paramilitares;Categoria
Antioquia;Departamento
Pequeños Grupos Ilegales;Categoria
Vaupés;Departamento
Disidensias FARC;Categoria
Chocó;Departamento
Disidensias FARC;Categoria
Chocó;Departamento
Guerrillas;Categoria
Cauca;Departamento
Guerrillas;Categoria
Countrywide;Departamento
Guerrillas;Categoria
Countrywide;Departamento
Pequeños Grupos Ilegales;Categoria
Norte de Santander;Departamento
Guerrillas;Categoria
Huila;Departamento
Guerrillas;Categoria
Huila;Departamento
Pequeños Grupos Ilegales;Categoria
Antioquia;Departamento
Guerrillas;Categoria
Norte de Santander;Departamento
Guerrillas;Categoria
Norte de Santander;Departamento
Nuevos Paramilitares (Narco-Para);Categoria
Atlántico;Departamento
Nuevos Paramilitares (Narco-Para);Categoria
La Guajira;Departamento
Guerrillas;Categoria
Cundinamarca;Departamento
Nuevos Paramilitares (Narco-Para);Categoria
Cundinamarca;Departamento
Paramilitares;Categoria
Cundinamarca;Departamento
Pequeños Grupos Ilegales;Categoria
Norte de Santander;Departamento
Guerrillas;Categoria
Cauca;Departamento
Guerrillas;Categoria
Risaralda;Departamento
Pequeños Grupos Ilegales;Categoria
Meta;Departamento
Guerrillas;Categoria
Meta;Departamento
Nuevos Paramilitares (Narco-Para);Categoria
Meta;Departamento
Paramilitares;Categoria
Meta;Departamento
Guerrillas;Categoria
Meta;Departamento
Nuevos Paramilitares (Narco-Para);Categoria
Meta;Departamento
Guerrillas;Categoria
Tolima;Departamento
Paramilitares;Categoria
Nariño;Departamento
Guerrillas;Categoria
Magdalena;Departamento
Nuevos Paramilitares (Narco-Para);Categoria
Magdalena;Departamento
Pequeños Grupos Ilegales;Categoria
Cauca;Departamento
Guerrillas;Categoria
Cauca;Departamento
Nuevos Paramilitares (Narco-Para);Categoria
Bogotá;Departamento
Guerrillas;Categoria
Bogotá;Departamento
Paramilitares;Categoria
Bogotá;Departamento
Pequeños Grupos Ilegales;Categoria
Cauca;Departamento
Guerrillas;Categoria
Antioquia;Departamento
Nuevos Paramilitares (Narco-Para);Categoria
Antioquia;Departamento
Pequeños Grupos Ilegales;Categoria
Cauca;Departamento
Guerrillas;Categoria
Meta;Departamento
Guerrillas;Categoria
Meta;Departamento
Nuevos Paramilitares (Narco-Para);Categoria
Meta;Departamento
Paramilitares;Categoria
Quindío;Departamento
Guerrillas;Categoria
Quindío;Departamento
Paramilitares;Categoria
Casanare;Departamento
Disidensias FARC;Categoria
Casanare;Departamento
Guerrillas;Categoria
Norte de Santander;Departamento
Pequeños Grupos Ilegales;Categoria
Antioquia;Departamento
Nuevos Paramilitares (Narco-Para);Categoria
Antioquia;Departamento
Guerrillas;Categoria
Antioquia;Departamento
Guerrillas;Categoria
Quindío;Departamento
Paramilitares;Categoria
Putumayo;Departamento
Pequeños Grupos Ilegales;Categoria
Córdoba;Departamento
Guerrillas;Categoria
Córdoba;Departamento
Nuevos Paramilitares (Narco-Para);Categoria
Valle del Cauca;Departamento
Nuevos Paramilitares (Narco-Para);Categoria
Cauca;Departamento
Guerrillas;Categoria
Bolívar;Departamento
Guerrillas;Categoria
Guaviare;Departamento
Disidensias FARC;Categoria
Guaviare;Departamento
Guerrillas;Categoria
Sucre;Departamento
Nuevos Paramilitares (Narco-Para);Categoria
Cundinamarca;Departamento
Guerrillas;Categoria
Cundinamarca;Departamento
Paramilitares;Categoria
Cundinamarca;Departamento
Guerrillas;Categoria
Cundinamarca;Departamento
Nuevos Paramilitares (Narco-Para);Categoria
Cundinamarca;Departamento
Paramilitares;Categoria
Cundinamarca;Departamento
Pequeños Grupos Ilegales;Categoria
Huila;Departamento
Guerrillas;Categoria
Antioquia;Departamento
Nuevos Paramilitares (Narco-Para);Categoria
Antioquia;Departamento
Paramilitares;Categoria
Meta;Departamento
Guerrillas;Categoria
Meta;Departamento
Nuevos Paramilitares (Narco-Para);Categoria
Meta;Departamento
Paramilitares;Categoria
Chocó;Departamento
Disidensias FARC;Categoria
Chocó;Departamento
Guerrillas;Categoria
Cauca;Departamento
Guerrillas;Categoria
Chocó;Departamento
Guerrillas;Categoria
Chocó;Departamento
Guerrillas;Categoria
Chocó;Departamento
Nuevos Paramilitares (Narco-Para);Categoria
Chocó;Departamento
Paramilitares;Categoria
Valle del Cauca;Departamento
Guerrillas;Categoria
Casanare;Departamento
Guerrillas;Categoria
Antioquia;Departamento
Guerrillas;Categoria
Antioquia;Departamento
Nuevos Paramilitares (Narco-Para);Categoria
Valle del Cauca;Departamento
Guerrillas;Categoria
Nariño;Departamento
Guerrillas;Categoria
Nariño;Departamento
Pequeños Grupos Ilegales;Categoria
Arauca;Departamento
Guerrillas;Categoria
Nariño;Departamento
Pequeños Grupos Ilegales;Categoria
Valle del Cauca;Departamento
Guerrillas;Categoria
Bogotá;Departamento
Guerrillas;Categoria
Bogotá;Departamento
Nuevos Paramilitares (Narco-Para);Categoria
Bogotá;Departamento
Paramilitares;Categoria
Bogotá;Departamento
Pequeños Grupos Ilegales;Categoria
Bolívar;Departamento
Paramilitares;Categoria
Cauca;Departamento
Guerrillas;Categoria
Córdoba;Departamento
Nuevos Paramilitares (Narco-Para);Categoria
Countrywide;Departamento
Nuevos Paramilitares (Narco-Para);Categoria
Putumayo;Departamento
Guerrillas;Categoria
Putumayo;Departamento
Paramilitares;Categoria
La Guajira;Departamento
Paramilitares;Categoria
Valle del Cauca;Departamento
Guerrillas;Categoria
Quindío;Departamento
Guerrillas;Categoria
Quindío;Departamento
Nuevos Paramilitares (Narco-Para);Categoria
Quindío;Departamento
Paramilitares;Categoria
Risaralda;Departamento
Guerrillas;Categoria
Valle del Cauca;Departamento
Nuevos Paramilitares (Narco-Para);Categoria
Quindío;Departamento
Nuevos Paramilitares (Narco-Para);Categoria
Bolívar;Departamento
Nuevos Paramilitares (Narco-Para);Categoria
Boyacá;Departamento
Nuevos Paramilitares (Narco-Para);Categoria
Risaralda;Departamento
Paramilitares;Categoria
Risaralda;Departamento
Pequeños Grupos Ilegales;Categoria
Sucre;Departamento
Paramilitares;Categoria
Quindío;Departamento
Paramilitares;Categoria
Quindío;Departamento
Nuevos Paramilitares (Narco-Para);Categoria
Quindío;Departamento
Pequeños Grupos Ilegales;Categoria
Sucre;Departamento
Nuevos Paramilitares (Narco-Para);Categoria
Cundinamarca;Departamento
Nuevos Paramilitares (Narco-Para);Categoria
Antioquia;Departamento
Nuevos Paramilitares (Narco-Para);Categoria
Nariño;Departamento
Guerrillas;Categoria
Nariño;Departamento
Paramilitares;Categoria
Cundinamarca;Departamento
Guerrillas;Categoria
Cundinamarca;Departamento
Nuevos Paramilitares (Narco-Para);Categoria
Norte de Santander;Departamento
Guerrillas;Categoria
Huila;Departamento
Guerrillas;Categoria
Magdalena;Departamento
Nuevos Paramilitares (Narco-Para);Categoria
Magdalena;Departamento
Paramilitares;Categoria
Chocó;Departamento
Guerrillas;Categoria
Quindío;Departamento
Nuevos Paramilitares (Narco-Para);Categoria
Chocó;Departamento
Guerrillas;Categoria
Valle del Cauca;Departamento
Guerrillas;Categoria
Valle del Cauca;Departamento
Pequeños Grupos Ilegales;Categoria
Córdoba;Departamento
Guerrillas;Categoria
Meta;Departamento
Guerrillas;Categoria
Meta;Departamento
Paramilitares;Categoria
Risaralda;Departamento
Nuevos Paramilitares (Narco-Para);Categoria
Risaralda;Departamento
Paramilitares;Categoria
Risaralda;Departamento
Pequeños Grupos Ilegales;Categoria
Bogotá;Departamento
Guerrillas;Categoria
Bogotá;Departamento
Nuevos Paramilitares (Narco-Para);Categoria
Valle del Cauca;Departamento
Guerrillas;Categoria
Caldas;Departamento
Guerrillas;Categoria
Arauca;Departamento
Nuevos Paramilitares (Narco-Para);Categoria
La Guajira;Departamento
Nuevos Paramilitares (Narco-Para);Categoria
La Guajira;Departamento
Paramilitares;Categoria
Quindío;Departamento
Guerrillas;Categoria
Bogotá;Departamento
Nuevos Paramilitares (Narco-Para);Categoria
Bogotá;Departamento
Pequeños Grupos Ilegales;Categoria
Putumayo;Departamento
Pequeños Grupos Ilegales;Categoria
Caquetá;Departamento
Guerrillas;Categoria
Putumayo;Departamento
Nuevos Paramilitares (Narco-Para);Categoria
Bolívar;Departamento
Guerrillas;Categoria
Quindío;Departamento
Nuevos Paramilitares (Narco-Para);Categoria
Quindío;Departamento
Paramilitares;Categoria
Quindío;Departamento
Pequeños Grupos Ilegales;Categoria
Putumayo;Departamento
Guerrillas;Categoria
Putumayo;Departamento
Pequeños Grupos Ilegales;Categoria
Chocó;Departamento
Guerrillas;Categoria
Quindío;Departamento
Paramilitares;Categoria
Quindío;Departamento
Pequeños Grupos Ilegales;Categoria
Sucre;Departamento
Guerrillas;Categoria
Putumayo;Departamento
Guerrillas;Categoria
Nariño;Departamento
Guerrillas;Categoria
Risaralda;Departamento
Guerrillas;Categoria
Risaralda;Departamento
Paramilitares;Categoria
Chocó;Departamento
Guerrillas;Categoria
Chocó;Departamento
Nuevos Paramilitares (Narco-Para);Categoria
Chocó;Departamento
Paramilitares;Categoria
Valle del Cauca;Departamento
Guerrillas;Categoria
Valle del Cauca;Departamento
Pequeños Grupos Ilegales;Categoria
Sucre;Departamento
Nuevos Paramilitares (Narco-Para);Categoria
Sucre;Departamento
Pequeños Grupos Ilegales;Categoria
Nariño;Departamento
Pequeños Grupos Ilegales;Categoria
Tolima;Departamento
Guerrillas;Categoria
Caldas;Departamento
Guerrillas;Categoria
Chocó;Departamento
Guerrillas;Categoria
Chocó;Departamento
Nuevos Paramilitares (Narco-Para);Categoria
Córdoba;Departamento
Nuevos Paramilitares (Narco-Para);Categoria
Córdoba;Departamento
Paramilitares;Categoria
Córdoba;Departamento
Pequeños Grupos Ilegales;Categoria
Nariño;Departamento
Guerrillas;Categoria
Quindío;Departamento
Guerrillas;Categoria
Quindío;Departamento
Nuevos Paramilitares (Narco-Para);Categoria
Quindío;Departamento
Paramilitares;Categoria
Cundinamarca;Departamento
Paramilitares;Categoria
Caquetá;Departamento
Nuevos Paramilitares (Narco-Para);Categoria
Caquetá;Departamento
Paramilitares;Categoria
Quindío;Departamento
Guerrillas;Categoria
Quindío;Departamento
Nuevos Paramilitares (Narco-Para);Categoria
Quindío;Departamento
Paramilitares;Categoria
Norte de Santander;Departamento
Guerrillas;Categoria
Norte de Santander;Departamento
Nuevos Paramilitares (Narco-Para);Categoria
Norte de Santander;Departamento
Paramilitares;Categoria
Norte de Santander;Departamento
Pequeños Grupos Ilegales;Categoria
Guaviare;Departamento
Guerrillas;Categoria
Guaviare;Departamento
Paramilitares;Categoria
Guaviare;Departamento
Pequeños Grupos Ilegales;Categoria
Quindío;Departamento
Guerrillas;Categoria
Bolívar;Departamento
Guerrillas;Categoria
Bolívar;Departamento
Pequeños Grupos Ilegales;Categoria
Cundinamarca;Departamento
Guerrillas;Categoria
Cundinamarca;Departamento
Paramilitares;Categoria
Valle del Cauca;Departamento
Guerrillas;Categoria
Putumayo;Departamento
Guerrillas;Categoria
Putumayo;Departamento
Nuevos Paramilitares (Narco-Para);Categoria
Huila;Departamento
Guerrillas;Categoria
Caquetá;Departamento
Guerrillas;Categoria
Magdalena;Departamento
Paramilitares;Categoria
Huila;Departamento
Guerrillas;Categoria
Meta;Departamento
Disidensias FARC;Categoria
Meta;Departamento
Nuevos Paramilitares (Narco-Para);Categoria
Meta;Departamento
Paramilitares;Categoria
Quindío;Departamento
Guerrillas;Categoria
Nariño;Departamento
Guerrillas;Categoria
Nariño;Departamento
Nuevos Paramilitares (Narco-Para);Categoria
Putumayo;Departamento
Nuevos Paramilitares (Narco-Para);Categoria
Bolívar;Departamento
Nuevos Paramilitares (Narco-Para);Categoria
Meta;Departamento
Guerrillas;Categoria
Meta;Departamento
Paramilitares;Categoria
Chocó;Departamento
Guerrillas;Categoria
Chocó;Departamento
Nuevos Paramilitares (Narco-Para);Categoria
Risaralda;Departamento
Guerrillas;Categoria
Risaralda;Departamento
Nuevos Paramilitares (Narco-Para);Categoria
Risaralda;Departamento
Pequeños Grupos Ilegales;Categoria
Arauca;Departamento
Guerrillas;Categoria
Magdalena;Departamento
Paramilitares;Categoria
Chocó;Departamento
Nuevos Paramilitares (Narco-Para);Categoria
Vichada;Departamento
Guerrillas;Categoria
Córdoba;Departamento
Nuevos Paramilitares (Narco-Para);Categoria
Córdoba;Departamento
Paramilitares;Categoria
Chocó;Departamento
Guerrillas;Categoria
Chocó;Departamento
Disidensias FARC;Categoria
Chocó;Departamento
Guerrillas;Categoria
Quindío;Departamento
Guerrillas;Categoria
Quindío;Departamento
Paramilitares;Categoria
Quindío;Departamento
Nuevos Paramilitares (Narco-Para);Categoria
Quindío;Departamento
Paramilitares;Categoria
Norte de Santander;Departamento
Guerrillas;Categoria
Norte de Santander;Departamento
Nuevos Paramilitares (Narco-Para);Categoria
Boyacá;Departamento
Guerrillas;Categoria
Amazonas;Departamento
Guerrillas;Categoria
La Guajira;Departamento
Nuevos Paramilitares (Narco-Para);Categoria
La Guajira;Departamento
Paramilitares;Categoria
La Guajira;Departamento
Pequeños Grupos Ilegales;Categoria
Tolima;Departamento
Guerrillas;Categoria
Arauca;Departamento
Guerrillas;Categoria
Tolima;Departamento
Guerrillas;Categoria
Vichada;Departamento
Guerrillas;Categoria
Bolívar;Departamento
Nuevos Paramilitares (Narco-Para);Categoria
Quindío;Departamento
Pequeños Grupos Ilegales;Categoria
La Guajira;Departamento
Nuevos Paramilitares (Narco-Para);Categoria
La Guajira;Departamento
Paramilitares;Categoria
Bolívar;Departamento
Nuevos Paramilitares (Narco-Para);Categoria
Bolívar;Departamento
Paramilitares;Categoria
Chocó;Departamento
Disidensias FARC;Categoria
Chocó;Departamento
Guerrillas;Categoria
Chocó;Departamento
Paramilitares;Categoria
Valle del Cauca;Departamento
Nuevos Paramilitares (Narco-Para);Categoria
Valle del Cauca;Departamento
Paramilitares;Categoria
Valle del Cauca;Departamento
Pequeños Grupos Ilegales;Categoria
Chocó;Departamento
Nuevos Paramilitares (Narco-Para);Categoria
Chocó;Departamento
Paramilitares;Categoria
Quindío;Departamento
Guerrillas;Categoria
Quindío;Departamento
Nuevos Paramilitares (Narco-Para);Categoria
Quindío;Departamento
Paramilitares;Categoria
Quindío;Departamento
Guerrillas;Categoria
Quindío;Departamento
Nuevos Paramilitares (Narco-Para);Categoria
Valle del Cauca;Departamento
Nuevos Paramilitares (Narco-Para);Categoria
Valle del Cauca;Departamento
Paramilitares;Categoria
Meta;Departamento
Guerrillas;Categoria
Meta;Departamento
Nuevos Paramilitares (Narco-Para);Categoria
Cauca;Departamento
Guerrillas;Categoria
Arauca;Departamento
Guerrillas;Categoria
Norte de Santander;Departamento
Nuevos Paramilitares (Narco-Para);Categoria
Cauca;Departamento
Guerrillas;Categoria
Vaupés;Departamento
Guerrillas;Categoria
Chocó;Departamento
Guerrillas;Categoria
Chocó;Departamento
Nuevos Paramilitares (Narco-Para);Categoria
Chocó;Departamento
Paramilitares;Categoria
Tolima;Departamento
Pequeños Grupos Ilegales;Categoria
Cundinamarca;Departamento
Paramilitares;Categoria
Valle del Cauca;Departamento
Nuevos Paramilitares (Narco-Para);Categoria
Antioquia;Departamento
Guerrillas;Categoria
Antioquia;Departamento
Nuevos Paramilitares (Narco-Para);Categoria
Antioquia;Departamento
Paramilitares;Categoria
Norte de Santander;Departamento
Guerrillas;Categoria
Norte de Santander;Departamento
Nuevos Paramilitares (Narco-Para);Categoria
Cundinamarca;Departamento
Nuevos Paramilitares (Narco-Para);Categoria
Cundinamarca;Departamento
Paramilitares;Categoria
Córdoba;Departamento
Guerrillas;Categoria
Córdoba;Departamento
Nuevos Paramilitares (Narco-Para);Categoria
Córdoba;Departamento
Pequeños Grupos Ilegales;Categoria
Guainía;Departamento
Guerrillas;Categoria
Quindío;Departamento
Guerrillas;Categoria
Quindío;Departamento
Nuevos Paramilitares (Narco-Para);Categoria
Quindío;Departamento
Paramilitares;Categoria
Quindío;Departamento
Pequeños Grupos Ilegales;Categoria
Cauca;Departamento
Nuevos Paramilitares (Narco-Para);Categoria
Bolívar;Departamento
Nuevos Paramilitares (Narco-Para);Categoria
Meta;Departamento
Guerrillas;Categoria
Guaviare;Departamento
Disidensias FARC;Categoria
Guaviare;Departamento
Guerrillas;Categoria
Nariño;Departamento
Guerrillas;Categoria
Antioquia;Departamento
Pequeños Grupos Ilegales;Categoria
Cesar;Departamento
Paramilitares;Categoria
Huila;Departamento
Guerrillas;Categoria
Huila;Departamento
Pequeños Grupos Ilegales;Categoria
Bolívar;Departamento
Nuevos Paramilitares (Narco-Para);Categoria
Quindío;Departamento
Nuevos Paramilitares (Narco-Para);Categoria
Valle del Cauca;Departamento
Guerrillas;Categoria
Meta;Departamento
Guerrillas;Categoria
Magdalena;Departamento
Paramilitares;Categoria
Magdalena;Departamento
Pequeños Grupos Ilegales;Categoria
Arauca;Departamento
Guerrillas;Categoria
Bolívar;Departamento
Nuevos Paramilitares (Narco-Para);Categoria
Bolívar;Departamento
Nuevos Paramilitares (Narco-Para);Categoria
Meta;Departamento
Guerrillas;Categoria
Meta;Departamento
Paramilitares;Categoria
Putumayo;Departamento
Nuevos Paramilitares (Narco-Para);Categoria
Valle del Cauca;Departamento
Nuevos Paramilitares (Narco-Para);Categoria
Risaralda;Departamento
Guerrillas;Categoria
Risaralda;Departamento
Nuevos Paramilitares (Narco-Para);Categoria
Nariño;Departamento
Guerrillas;Categoria
Nariño;Departamento
Nuevos Paramilitares (Narco-Para);Categoria
Nariño;Departamento
Guerrillas;Categoria
Nariño;Departamento
Nuevos Paramilitares (Narco-Para);Categoria
Chocó;Departamento
Guerrillas;Categoria
Chocó;Departamento
Nuevos Paramilitares (Narco-Para);Categoria
Arauca;Departamento
Guerrillas;Categoria
Putumayo;Departamento
Guerrillas;Categoria
Meta;Departamento
Guerrillas;Categoria
Nariño;Departamento
Guerrillas;Categoria
Nariño;Departamento
Guerrillas;Categoria
Nariño;Departamento
Nuevos Paramilitares (Narco-Para);Categoria
Sucre;Departamento
Nuevos Paramilitares (Narco-Para);Categoria
Sucre;Departamento
Paramilitares;Categoria
Sucre;Departamento
Pequeños Grupos Ilegales;Categoria
Antioquia;Departamento
Guerrillas;Categoria
Antioquia;Departamento
Paramilitares;Categoria
Córdoba;Departamento
Nuevos Paramilitares (Narco-Para);Categoria
Córdoba;Departamento
Pequeños Grupos Ilegales;Categoria
Risaralda;Departamento
Guerrillas;Categoria
Valle del Cauca;Departamento
Pequeños Grupos Ilegales;Categoria
Córdoba;Departamento
Guerrillas;Categoria
Antioquia;Departamento
Paramilitares;Categoria
Nariño;Departamento
Nuevos Paramilitares (Narco-Para);Categoria
Arauca;Departamento
Guerrillas;Categoria
Valle del Cauca;Departamento
Guerrillas;Categoria
Valle del Cauca;Departamento
Nuevos Paramilitares (Narco-Para);Categoria
Quindío;Departamento
Guerrillas;Categoria
Vaupés;Departamento
Guerrillas;Categoria
Córdoba;Departamento
Nuevos Paramilitares (Narco-Para);Categoria
Caldas;Departamento
Guerrillas;Categoria
Caldas;Departamento
Nuevos Paramilitares (Narco-Para);Categoria
Risaralda;Departamento
Guerrillas;Categoria
Risaralda;Departamento
Nuevos Paramilitares (Narco-Para);Categoria
Cauca;Departamento
Guerrillas;Categoria
Cauca;Departamento
Nuevos Paramilitares (Narco-Para);Categoria
Antioquia;Departamento
Paramilitares;Categoria
Quindío;Departamento
Guerrillas;Categoria
Quindío;Departamento
Nuevos Paramilitares (Narco-Para);Categoria
Quindío;Departamento
Paramilitares;Categoria
Chocó;Departamento
Guerrillas;Categoria
Chocó;Departamento
Paramilitares;Categoria
Valle del Cauca;Departamento
Guerrillas;Categoria
Córdoba;Departamento
Nuevos Paramilitares (Narco-Para);Categoria
Norte de Santander;Departamento
Guerrillas;Categoria
Caquetá;Departamento
Guerrillas;Categoria
Cesar;Departamento
Nuevos Paramilitares (Narco-Para);Categoria
Bogotá;Departamento
Paramilitares;Categoria
Huila;Departamento
Guerrillas;Categoria
Vichada;Departamento
Guerrillas;Categoria
Vichada;Departamento
Paramilitares;Categoria
Casanare;Departamento
Guerrillas;Categoria
Casanare;Departamento
Nuevos Paramilitares (Narco-Para);Categoria
Chocó;Departamento
Guerrillas;Categoria
Antioquia;Departamento
Guerrillas;Categoria
Antioquia;Departamento
Nuevos Paramilitares (Narco-Para);Categoria
Risaralda;Departamento
Paramilitares;Categoria
Boyacá;Departamento
Guerrillas;Categoria
Cundinamarca;Departamento
Guerrillas;Categoria
Cundinamarca;Departamento
Nuevos Paramilitares (Narco-Para);Categoria
Cundinamarca;Departamento
Paramilitares;Categoria
Nariño;Departamento
Guerrillas;Categoria
Chocó;Departamento
Paramilitares;Categoria
Antioquia;Departamento
Guerrillas;Categoria
Córdoba;Departamento
Paramilitares;Categoria
Nariño;Departamento
Guerrillas;Categoria
Quindío;Departamento
Guerrillas;Categoria
Quindío;Departamento
Pequeños Grupos Ilegales;Categoria
Magdalena;Departamento
Guerrillas;Categoria
Valle del Cauca;Departamento
Nuevos Paramilitares (Narco-Para);Categoria
Meta;Departamento
Guerrillas;Categoria
Meta;Departamento
Paramilitares;Categoria
Chocó;Departamento
Paramilitares;Categoria
Guaviare;Departamento
Disidensias FARC;Categoria
Guaviare;Departamento
Guerrillas;Categoria
Guaviare;Departamento
Paramilitares;Categoria
Cundinamarca;Departamento
Paramilitares;Categoria
Quindío;Departamento
Guerrillas;Categoria
Quindío;Departamento
Paramilitares;Categoria
Chocó;Departamento
Guerrillas;Categoria
Caldas;Departamento
Paramilitares;Categoria
Boyacá;Departamento
Guerrillas;Categoria
Magdalena;Departamento
Guerrillas;Categoria
Magdalena;Departamento
Paramilitares;Categoria
Cesar;Departamento
Paramilitares;Categoria
Chocó;Departamento
Guerrillas;Categoria
Chocó;Departamento
Nuevos Paramilitares (Narco-Para);Categoria
Chocó;Departamento
Paramilitares;Categoria
Arauca;Departamento
Guerrillas;Categoria
Guaviare;Departamento
Disidensias FARC;Categoria
Antioquia;Departamento
Guerrillas;Categoria
Antioquia;Departamento
Nuevos Paramilitares (Narco-Para);Categoria
Antioquia;Departamento
Pequeños Grupos Ilegales;Categoria
Córdoba;Departamento
Nuevos Paramilitares (Narco-Para);Categoria
Magdalena;Departamento
Pequeños Grupos Ilegales;Categoria
Meta;Departamento
Pequeños Grupos Ilegales;Categoria
Antioquia;Departamento
Guerrillas;Categoria
Guaviare;Departamento
Pequeños Grupos Ilegales;Categoria
Bolívar;Departamento
Guerrillas;Categoria
Antioquia;Departamento
Pequeños Grupos Ilegales;Categoria
Norte de Santander;Departamento
Pequeños Grupos Ilegales;Categoria
Meta;Departamento
Nuevos Paramilitares (Narco-Para);Categoria
Meta;Departamento
Pequeños Grupos Ilegales;Categoria
Bogotá;Departamento
Guerrillas;Categoria
Bogotá;Departamento
Pequeños Grupos Ilegales;Categoria
Sucre;Departamento
Pequeños Grupos Ilegales;Categoria
Atlántico;Departamento
Nuevos Paramilitares (Narco-Para);Categoria
Cundinamarca;Departamento
Nuevos Paramilitares (Narco-Para);Categoria
Arauca;Departamento
Guerrillas;Categoria
Arauca;Departamento
Guerrillas;Categoria
Cundinamarca;Departamento
Pequeños Grupos Ilegales;Categoria
Cesar;Departamento
Nuevos Paramilitares (Narco-Para);Categoria
Cesar;Departamento
Pequeños Grupos Ilegales;Categoria
Cauca;Departamento
Guerrillas;Categoria
Cauca;Departamento
Nuevos Paramilitares (Narco-Para);Categoria
Cauca;Departamento
Pequeños Grupos Ilegales;Categoria
Chocó;Departamento
Guerrillas;Categoria
Chocó;Departamento
Nuevos Paramilitares (Narco-Para);Categoria
Tolima;Departamento
Guerrillas;Categoria
Bolívar;Departamento
Guerrillas;Categoria
Quindío;Departamento
Guerrillas;Categoria
Quindío;Departamento
Pequeños Grupos Ilegales;Categoria
Putumayo;Departamento
Pequeños Grupos Ilegales;Categoria
Risaralda;Departamento
Guerrillas;Categoria
Risaralda;Departamento
Pequeños Grupos Ilegales;Categoria
Bolívar;Departamento
Guerrillas;Categoria
Bolívar;Departamento
Paramilitares;Categoria
Risaralda;Departamento
Disidensias FARC;Categoria
Risaralda;Departamento
Guerrillas;Categoria
Meta;Departamento
Guerrillas;Categoria
Meta;Departamento
Nuevos Paramilitares (Narco-Para);Categoria
Meta;Departamento
Pequeños Grupos Ilegales;Categoria
Bolívar;Departamento
Guerrillas;Categoria
Chocó;Departamento
Pequeños Grupos Ilegales;Categoria
Cauca;Departamento
Guerrillas;Categoria
Norte de Santander;Departamento
Guerrillas;Categoria
Norte de Santander;Departamento
Pequeños Grupos Ilegales;Categoria
Nariño;Departamento
Guerrillas;Categoria
Cesar;Departamento
Nuevos Paramilitares (Narco-Para);Categoria
Cesar;Departamento
Paramilitares;Categoria
Cesar;Departamento
Pequeños Grupos Ilegales;Categoria
Meta;Departamento
Guerrillas;Categoria
Meta;Departamento
Paramilitares;Categoria
Valle del Cauca;Departamento
Guerrillas;Categoria
Valle del Cauca;Departamento
Nuevos Paramilitares (Narco-Para);Categoria
Chocó;Departamento
Guerrillas;Categoria
Chocó;Departamento
Nuevos Paramilitares (Narco-Para);Categoria
Chocó;Departamento
Paramilitares;Categoria
Meta;Departamento
Nuevos Paramilitares (Narco-Para);Categoria
Magdalena;Departamento
Pequeños Grupos Ilegales;Categoria
Norte de Santander;Departamento
Guerrillas;Categoria
Meta;Departamento
Guerrillas;Categoria
Meta;Departamento
Paramilitares;Categoria
Norte de Santander;Departamento
Guerrillas;Categoria
Meta;Departamento
Guerrillas;Categoria
Meta;Departamento
Paramilitares;Categoria
Cundinamarca;Departamento
Nuevos Paramilitares (Narco-Para);Categoria
Cundinamarca;Departamento
Pequeños Grupos Ilegales;Categoria
Chocó;Departamento
Guerrillas;Categoria
Chocó;Departamento
Nuevos Paramilitares (Narco-Para);Categoria
Chocó;Departamento
Paramilitares;Categoria
Bolívar;Departamento
Nuevos Paramilitares (Narco-Para);Categoria
Bolívar;Departamento
Pequeños Grupos Ilegales;Categoria
Cauca;Departamento
Guerrillas;Categoria
Cauca;Departamento
Pequeños Grupos Ilegales;Categoria
Arauca;Departamento
Guerrillas;Categoria
Córdoba;Departamento
Guerrillas;Categoria
Vichada;Departamento
Guerrillas;Categoria
Vichada;Departamento
Paramilitares;Categoria
Antioquia;Departamento
Nuevos Paramilitares (Narco-Para);Categoria
Vaupés;Departamento
Disidensias FARC;Categoria
Vaupés;Departamento
Guerrillas;Categoria
Antioquia;Departamento
Nuevos Paramilitares (Narco-Para);Categoria
Antioquia;Departamento
Paramilitares;Categoria
Cesar;Departamento
Nuevos Paramilitares (Narco-Para);Categoria
Cesar;Departamento
Paramilitares;Categoria
Quindío;Departamento
Guerrillas;Categoria
Antioquia;Departamento
Nuevos Paramilitares (Narco-Para);Categoria
Bolívar;Departamento
Nuevos Paramilitares (Narco-Para);Categoria
Arauca;Departamento
Guerrillas;Categoria
Meta;Departamento
Guerrillas;Categoria
Meta;Departamento
Nuevos Paramilitares (Narco-Para);Categoria
Meta;Departamento
Paramilitares;Categoria
Chocó;Departamento
Guerrillas;Categoria
Caquetá;Departamento
Nuevos Paramilitares (Narco-Para);Categoria
Vichada;Departamento
Guerrillas;Categoria
Valle del Cauca;Departamento
Nuevos Paramilitares (Narco-Para);Categoria
Santander;Departamento
Nuevos Paramilitares (Narco-Para);Categoria
Santander;Departamento
Paramilitares;Categoria
Meta;Departamento
Guerrillas;Categoria
Meta;Departamento
Nuevos Paramilitares (Narco-Para);Categoria
Meta;Departamento
Paramilitares;Categoria
Córdoba;Departamento
Guerrillas;Categoria
Córdoba;Departamento
Nuevos Paramilitares (Narco-Para);Categoria
Cauca;Departamento
Guerrillas;Categoria
Meta;Departamento
Guerrillas;Categoria
Meta;Departamento
Nuevos Paramilitares (Narco-Para);Categoria
Córdoba;Departamento
Nuevos Paramilitares (Narco-Para);Categoria
Córdoba;Departamento
Pequeños Grupos Ilegales;Categoria
Arauca;Departamento
Guerrillas;Categoria
Arauca;Departamento
Guerrillas;Categoria
Arauca;Departamento
Paramilitares;Categoria
Córdoba;Departamento
Guerrillas;Categoria
Córdoba;Departamento
Nuevos Paramilitares (Narco-Para);Categoria
Norte de Santander;Departamento
Nuevos Paramilitares (Narco-Para);Categoria
Valle del Cauca;Departamento
Guerrillas;Categoria
Arauca;Departamento
Guerrillas;Categoria
Nariño;Departamento
Guerrillas;Categoria
Nariño;Departamento
Nuevos Paramilitares (Narco-Para);Categoria
Meta;Departamento
Guerrillas;Categoria
Nariño;Departamento
Guerrillas;Categoria
Nariño;Departamento
Nuevos Paramilitares (Narco-Para);Categoria
Cundinamarca;Departamento
Guerrillas;Categoria
Cundinamarca;Departamento
Nuevos Paramilitares (Narco-Para);Categoria
Cundinamarca;Departamento
Paramilitares;Categoria
Nariño;Departamento
Guerrillas;Categoria
Nariño;Departamento
Nuevos Paramilitares (Narco-Para);Categoria
Sucre;Departamento
Paramilitares;Categoria
Meta;Departamento
Guerrillas;Categoria
Meta;Departamento
Paramilitares;Categoria
Quindío;Departamento
Nuevos Paramilitares (Narco-Para);Categoria
Quindío;Departamento
Paramilitares;Categoria
Quindío;Departamento
Pequeños Grupos Ilegales;Categoria
Chocó;Departamento
Guerrillas;Categoria
Chocó;Departamento
Nuevos Paramilitares (Narco-Para);Categoria
Valle del Cauca;Departamento
Nuevos Paramilitares (Narco-Para);Categoria
Valle del Cauca;Departamento
Pequeños Grupos Ilegales;Categoria
Guaviare;Departamento
Guerrillas;Categoria
Cundinamarca;Departamento
Nuevos Paramilitares (Narco-Para);Categoria
Cundinamarca;Departamento
Paramilitares;Categoria
Cundinamarca;Departamento
Pequeños Grupos Ilegales;Categoria
Caldas;Departamento
Nuevos Paramilitares (Narco-Para);Categoria
Córdoba;Departamento
Guerrillas;Categoria
Córdoba;Departamento
Nuevos Paramilitares (Narco-Para);Categoria
Córdoba;Departamento
Pequeños Grupos Ilegales;Categoria
Cauca;Departamento
Guerrillas;Categoria
Cauca;Departamento
Nuevos Paramilitares (Narco-Para);Categoria
Arauca;Departamento
Guerrillas;Categoria
Caquetá;Departamento
Guerrillas;Categoria
Antioquia;Departamento
Nuevos Paramilitares (Narco-Para);Categoria
Arauca;Departamento
Guerrillas;Categoria
Arauca;Departamento
Guerrillas;Categoria
Bogotá;Departamento
Nuevos Paramilitares (Narco-Para);Categoria
Bogotá;Departamento
Paramilitares;Categoria
Nariño;Departamento
Nuevos Paramilitares (Narco-Para);Categoria
Nariño;Departamento
Pequeños Grupos Ilegales;Categoria
Córdoba;Departamento
Nuevos Paramilitares (Narco-Para);Categoria
Bogotá;Departamento
Nuevos Paramilitares (Narco-Para);Categoria
Bogotá;Departamento
Paramilitares;Categoria
Norte de Santander;Departamento
Nuevos Paramilitares (Narco-Para);Categoria
Meta;Departamento
Guerrillas;Categoria
Córdoba;Departamento
Nuevos Paramilitares (Narco-Para);Categoria
Córdoba;Departamento
Pequeños Grupos Ilegales;Categoria
Bolívar;Departamento
Guerrillas;Categoria
Bolívar;Departamento
Nuevos Paramilitares (Narco-Para);Categoria
Bolívar;Departamento
Guerrillas;Categoria
Bolívar;Departamento
Nuevos Paramilitares (Narco-Para);Categoria
Guaviare;Departamento
Guerrillas;Categoria
Valle del Cauca;Departamento
Guerrillas;Categoria
Arauca;Departamento
Guerrillas;Categoria
Arauca;Departamento
Paramilitares;Categoria
Arauca;Departamento
Pequeños Grupos Ilegales;Categoria
Meta;Departamento
Guerrillas;Categoria
Valle del Cauca;Departamento
Nuevos Paramilitares (Narco-Para);Categoria
Guaviare;Departamento
Guerrillas;Categoria
Nariño;Departamento
Guerrillas;Categoria
Valle del Cauca;Departamento
Nuevos Paramilitares (Narco-Para);Categoria
Valle del Cauca;Departamento
Pequeños Grupos Ilegales;Categoria
Atlántico;Departamento
Paramilitares;Categoria
Atlántico;Departamento
Nuevos Paramilitares (Narco-Para);Categoria
Atlántico;Departamento
Pequeños Grupos Ilegales;Categoria
Nariño;Departamento
Guerrillas;Categoria
Nariño;Departamento
Nuevos Paramilitares (Narco-Para);Categoria
Nariño;Departamento
Nuevos Paramilitares (Narco-Para);Categoria
Cundinamarca;Departamento
Guerrillas;Categoria
Cundinamarca;Departamento
Nuevos Paramilitares (Narco-Para);Categoria
Cundinamarca;Departamento
Paramilitares;Categoria
Cundinamarca;Departamento
Pequeños Grupos Ilegales;Categoria
Bolívar;Departamento
Guerrillas;Categoria
Bolívar;Departamento
Nuevos Paramilitares (Narco-Para);Categoria
Bolívar;Departamento
Pequeños Grupos Ilegales;Categoria
Norte de Santander;Departamento
Guerrillas;Categoria
Norte de Santander;Departamento
Paramilitares;Categoria
Cauca;Departamento
Guerrillas;Categoria
Cundinamarca;Departamento
Paramilitares;Categoria
Cundinamarca;Departamento
Pequeños Grupos Ilegales;Categoria
Guaviare;Departamento
Guerrillas;Categoria
Guaviare;Departamento
Paramilitares;Categoria
Vaupés;Departamento
Disidensias FARC;Categoria
Vaupés;Departamento
Guerrillas;Categoria
Meta;Departamento
Disidensias FARC;Categoria
Meta;Departamento
Guerrillas;Categoria
Meta;Departamento
Nuevos Paramilitares (Narco-Para);Categoria
Meta;Departamento
Paramilitares;Categoria
Chocó;Departamento
Guerrillas;Categoria
Chocó;Departamento
Nuevos Paramilitares (Narco-Para);Categoria
Caquetá;Departamento
Guerrillas;Categoria
Chocó;Departamento
Nuevos Paramilitares (Narco-Para);Categoria
Chocó;Departamento
Paramilitares;Categoria
Caquetá;Departamento
Guerrillas;Categoria
Caquetá;Departamento
Pequeños Grupos Ilegales;Categoria
Bolívar;Departamento
Guerrillas;Categoria
Meta;Departamento
Guerrillas;Categoria
Valle del Cauca;Departamento
Guerrillas;Categoria
Nariño;Departamento
Guerrillas;Categoria
Nariño;Departamento
Nuevos Paramilitares (Narco-Para);Categoria
Cauca;Departamento
Guerrillas;Categoria
Huila;Departamento
Pequeños Grupos Ilegales;Categoria
Chocó;Departamento
Guerrillas;Categoria
Chocó;Departamento
Nuevos Paramilitares (Narco-Para);Categoria
Chocó;Departamento
Paramilitares;Categoria
Huila;Departamento
Guerrillas;Categoria
Tolima;Departamento
Guerrillas;Categoria
Tolima;Departamento
Pequeños Grupos Ilegales;Categoria
Córdoba;Departamento
Guerrillas;Categoria
Córdoba;Departamento
Nuevos Paramilitares (Narco-Para);Categoria
Córdoba;Departamento
Paramilitares;Categoria
Valle del Cauca;Departamento
Nuevos Paramilitares (Narco-Para);Categoria
Chocó;Departamento
Guerrillas;Categoria
Chocó;Departamento
Nuevos Paramilitares (Narco-Para);Categoria
Boyacá;Departamento
Guerrillas;Categoria
Bogotá;Departamento
Paramilitares;Categoria
Bolívar;Departamento
Guerrillas;Categoria
Bolívar;Departamento
Paramilitares;Categoria
Caquetá;Departamento
Guerrillas;Categoria
Quindío;Departamento
Guerrillas;Categoria
Quindío;Departamento
Nuevos Paramilitares (Narco-Para);Categoria
Valle del Cauca;Departamento
Nuevos Paramilitares (Narco-Para);Categoria
Quindío;Departamento
Nuevos Paramilitares (Narco-Para);Categoria
Quindío;Departamento
Pequeños Grupos Ilegales;Categoria
Cundinamarca;Departamento
Paramilitares;Categoria
Cauca;Departamento
Nuevos Paramilitares (Narco-Para);Categoria
Cauca;Departamento
Guerrillas;Categoria
Nariño;Departamento
Nuevos Paramilitares (Narco-Para);Categoria
Nariño;Departamento
Guerrillas;Categoria
Nariño;Departamento
Nuevos Paramilitares (Narco-Para);Categoria
Córdoba;Departamento
Nuevos Paramilitares (Narco-Para);Categoria
Arauca;Departamento
Guerrillas;Categoria
Chocó;Departamento
Guerrillas;Categoria
Chocó;Departamento
Nuevos Paramilitares (Narco-Para);Categoria
Chocó;Departamento
Paramilitares;Categoria
Valle del Cauca;Departamento
Nuevos Paramilitares (Narco-Para);Categoria
Valle del Cauca;Departamento
Paramilitares;Categoria
Norte de Santander;Departamento
Guerrillas;Categoria
La Guajira;Departamento
Guerrillas;Categoria
La Guajira;Departamento
Nuevos Paramilitares (Narco-Para);Categoria
La Guajira;Departamento
Paramilitares;Categoria
Cundinamarca;Departamento
Nuevos Paramilitares (Narco-Para);Categoria
Cundinamarca;Departamento
Paramilitares;Categoria
Guaviare;Departamento
Guerrillas;Categoria
Guaviare;Departamento
Paramilitares;Categoria
Meta;Departamento
Guerrillas;Categoria
Meta;Departamento
Paramilitares;Categoria
Nariño;Departamento
Guerrillas;Categoria
Nariño;Departamento
Nuevos Paramilitares (Narco-Para);Categoria
La Guajira;Departamento
Paramilitares;Categoria
Valle del Cauca;Departamento
Nuevos Paramilitares (Narco-Para);Categoria
Caquetá;Departamento
Guerrillas;Categoria
Sucre;Departamento
Paramilitares;Categoria
Guaviare;Departamento
Guerrillas;Categoria
Chocó;Departamento
Guerrillas;Categoria
Chocó;Departamento
Nuevos Paramilitares (Narco-Para);Categoria
Cauca;Departamento
Guerrillas;Categoria
Valle del Cauca;Departamento
Nuevos Paramilitares (Narco-Para);Categoria
Valle del Cauca;Departamento
Pequeños Grupos Ilegales;Categoria
Valle del Cauca;Departamento
Guerrillas;Categoria
Valle del Cauca;Departamento
Nuevos Paramilitares (Narco-Para);Categoria
Caquetá;Departamento
Guerrillas;Categoria
Meta;Departamento
Guerrillas;Categoria
Arauca;Departamento
Guerrillas;Categoria
Atlántico;Departamento
Nuevos Paramilitares (Narco-Para);Categoria
Meta;Departamento
Guerrillas;Categoria
Cundinamarca;Departamento
Nuevos Paramilitares (Narco-Para);Categoria
Córdoba;Departamento
Nuevos Paramilitares (Narco-Para);Categoria
Cauca;Departamento
Guerrillas;Categoria
Tolima;Departamento
Guerrillas;Categoria
Putumayo;Departamento
Guerrillas;Categoria
Putumayo;Departamento
Pequeños Grupos Ilegales;Categoria
Cundinamarca;Departamento
Guerrillas;Categoria
Cundinamarca;Departamento
Paramilitares;Categoria
Quindío;Departamento
Paramilitares;Categoria
Cundinamarca;Departamento
Paramilitares;Categoria
Cundinamarca;Departamento
Guerrillas;Categoria
Cundinamarca;Departamento
Paramilitares;Categoria
Cundinamarca;Departamento
Guerrillas;Categoria
Cundinamarca;Departamento
Paramilitares;Categoria
Cundinamarca;Departamento
Guerrillas;Categoria
Cundinamarca;Departamento
Paramilitares;Categoria
Cundinamarca;Departamento
Guerrillas;Categoria
Quindío;Departamento
Guerrillas;Categoria
Tolima;Departamento
Guerrillas;Categoria
Tolima;Departamento
Paramilitares;Categoria
Valle del Cauca;Departamento
Guerrillas;Categoria
Valle del Cauca;Departamento
Paramilitares;Categoria
Valle del Cauca;Departamento
Paramilitares;Categoria
Risaralda;Departamento
Guerrillas;Categoria
Quindío;Departamento
Paramilitares;Categoria
Putumayo;Departamento
Guerrillas;Categoria
Putumayo;Departamento
Paramilitares;Categoria
Bolívar;Departamento
Guerrillas;Categoria
Chocó;Departamento
Guerrillas;Categoria
Chocó;Departamento
Paramilitares;Categoria
La Guajira;Departamento
Guerrillas;Categoria
La Guajira;Departamento
Paramilitares;Categoria
Bolívar;Departamento
Guerrillas;Categoria
Bolívar;Departamento
Paramilitares;Categoria
Bolívar;Departamento
Pequeños Grupos Ilegales;Categoria
La Guajira;Departamento
Guerrillas;Categoria
Arauca;Departamento
Paramilitares;Categoria
Nariño;Departamento
Guerrillas;Categoria
Valle del Cauca;Departamento
Guerrillas;Categoria
Nariño;Departamento
Guerrillas;Categoria
